[2026-08-10 11:50:31][INFO]: 日志文件已初始化
[2026-08-10 11:50:31][INFO]: 资源目录与输出目录已准备就绪
[2026-08-10 11:56:11][INFO]: 资源目录与输出目录已准备就绪
[2026-08-10 12:05:37][INFO]: 资源目录与输出目录已准备就绪
[2026-08-10 12:05:38][INFO]: GUI 主窗口已创建
[2026-08-10 12:07:11][INFO]: 资源目录与输出目录已准备就绪
[2026-08-10 12:07:12][INFO]: GUI 主窗口已创建
[2026-08-10 12:10:08][INFO]: 用户取消了资源目录选择
[2026-08-10 12:10:11][INFO]: 用户取消了图标选择
[2026-08-10 12:10:43][INFO]: 已扫描到 2 个 Python 文件
[2026-08-10 12:10:43][INFO]: 已选择项目目录: C:\Users\Administrator\PycharmProjects\PythonProject
[2026-08-10 12:10:52][INFO]: 已选择打包文件: [WindowsPath('C:/Users/Administrator/PycharmProjects/PythonProject/main.py')]
[2026-08-10 12:16:39][INFO]: 资源目录与输出目录已准备就绪
[2026-08-10 12:16:40][INFO]: GUI 主窗口已创建
[2026-08-10 12:46:24][INFO]: 资源目录与输出目录已准备就绪
[2026-08-10 12:46:25][INFO]: GUI 主窗口已创建
[2026-08-10 12:51:43][INFO]: 资源目录与输出目录已准备就绪
[2026-08-10 12:51:43][INFO]: GUI 主窗口已创建
[2026-08-10 17:07:18][INFO]: 资源目录与输出目录已准备就绪
[2026-08-10 17:07:20][INFO]: GUI 主窗口已创建
[2026-08-10 17:07:27][INFO]: 已扫描到 2 个 Python 文件
[2026-08-10 17:07:27][INFO]: 已选择项目目录: C:\Users\Administrator\PycharmProjects\PythonProject
[2026-08-10 17:07:33][INFO]: 已选择打包文件: [WindowsPath('C:/Users/Administrator/PycharmProjects/PythonProject/main.py')]
[2026-08-10 17:07:52][INFO]: 已选择输出目录: C:\Users\Administrator\Documents\Output
[2026-08-10 17:07:54][INFO]: 已启动后台打包线程
[2026-08-10 17:07:54][INFO]: 已生成打包命令: C:\Users\Administrator\PycharmProjects\Package_Python\.venv\Scripts\python.exe -m PyInstaller --noconfirm --distpath C:\Users\Administrator\Documents\Output --workpath C:\Users\Administrator\Documents\Output\build --specpath C:\Users\Administrator\Documents\Output\spec --onedir --name my_app C:\Users\Administrator\PycharmProjects\PythonProject\main.py
[2026-08-10 17:07:54][INFO]: 开始在项目目录 C:\Users\Administrator\PycharmProjects\PythonProject 中执行打包
[2026-08-10 17:08:05][SUCCESS]: 打包已成功完成，输出目录已生成
[2026-08-10 17:26:58][INFO]: 资源目录与输出目录已准备就绪
[2026-08-10 17:26:58][INFO]: 开始在项目目录 . 中执行打包
[2026-08-10 17:26:58][INFO]: 最终输出目录: C:\Users\ADMINI~1\AppData\Local\Temp\tmpa8i7c242\test_main
[2026-08-10 17:26:58][INFO]: [2026-08-10 17:26:58][INFO]: 开始打包 test_main...
[2026-08-10 17:26:58][INFO]: PyInstaller 命令: C:\Users\Administrator\PycharmProjects\Package_Python\.venv\Scripts\python.exe -m PyInstaller --noconfirm --distpath C:\Users\ADMINI~1\AppData\Local\Temp\tmpa8i7c242 --workpath C:\Users\ADMINI~1\AppData\Local\Temp\tmpu1zdaahc\build_test_main --specpath C:\Users\ADMINI~1\AppData\Local\Temp\tmpu1zdaahc\spec_test_main --onedir --name test_main main.py
[2026-08-10 17:26:58][DEBUG]: 315 INFO: PyInstaller: 6.22.0, contrib hooks: 2026.6
[2026-08-10 17:26:58][DEBUG]: 315 INFO: Python: 3.13.0
[2026-08-10 17:26:59][DEBUG]: 424 INFO: Platform: Windows-10-10.0.19045-SP0
[2026-08-10 17:26:59][DEBUG]: 424 INFO: Python environment: C:\Users\Administrator\PycharmProjects\Package_Python\.venv
[2026-08-10 17:26:59][DEBUG]: 426 INFO: wrote C:\Users\ADMINI~1\AppData\Local\Temp\tmpu1zdaahc\spec_test_main\test_main.spec
[2026-08-10 17:26:59][DEBUG]: 437 INFO: Module search paths (PYTHONPATH):
[2026-08-10 17:26:59][DEBUG]: ['C:\\Users\\Administrator\\PycharmProjects\\Package_Python',
[2026-08-10 17:26:59][DEBUG]:  'C:\\Users\\Administrator\\AppData\\Local\\Programs\\Python\\Python313\\python313.zip',
[2026-08-10 17:26:59][DEBUG]:  'C:\\Users\\Administrator\\AppData\\Local\\Programs\\Python\\Python313\\DLLs',
[2026-08-10 17:26:59][DEBUG]:  'C:\\Users\\Administrator\\AppData\\Local\\Programs\\Python\\Python313\\Lib',
[2026-08-10 17:26:59][DEBUG]:  'C:\\Users\\Administrator\\AppData\\Local\\Programs\\Python\\Python313',
[2026-08-10 17:26:59][DEBUG]:  'C:\\Users\\Administrator\\PycharmProjects\\Package_Python\\.venv',
[2026-08-10 17:26:59][DEBUG]:  'C:\\Users\\Administrator\\PycharmProjects\\Package_Python\\.venv\\Lib\\site-packages',
[2026-08-10 17:26:59][DEBUG]:  'C:\\Users\\Administrator\\PycharmProjects\\Package_Python']
[2026-08-10 17:26:59][DEBUG]: 1344 INFO: checking Analysis
[2026-08-10 17:26:59][DEBUG]: 1345 INFO: Building Analysis because Analysis-00.toc is non existent
[2026-08-10 17:26:59][DEBUG]: 1345 INFO: Looking for Python shared library...
[2026-08-10 17:26:59][DEBUG]: 1345 INFO: Using Python shared library: C:\Users\Administrator\AppData\Local\Programs\Python\Python313\python313.dll
[2026-08-10 17:26:59][DEBUG]: 1345 INFO: Running Analysis Analysis-00.toc
[2026-08-10 17:26:59][DEBUG]: 1345 INFO: Target bytecode optimization level: 0
[2026-08-10 17:26:59][DEBUG]: 1345 INFO: Initializing module dependency graph...
[2026-08-10 17:26:59][DEBUG]: 1347 INFO: Initializing module graph hook caches...
[2026-08-10 17:26:59][DEBUG]: 1375 INFO: Analyzing modules for base_library.zip ...
[2026-08-10 17:27:02][DEBUG]: 4031 INFO: Processing standard module hook 'hook-encodings.py' from 'C:\\Users\\Administrator\\PycharmProjects\\Package_Python\\.venv\\Lib\\site-packages\\PyInstaller\\hooks'
[2026-08-10 17:27:03][DEBUG]: 4840 INFO: Processing standard module hook 'hook-math.py' from 'C:\\Users\\Administrator\\PycharmProjects\\Package_Python\\.venv\\Lib\\site-packages\\PyInstaller\\hooks'
[2026-08-10 17:27:05][DEBUG]: 6624 INFO: Processing standard module hook 'hook-pickle.py' from 'C:\\Users\\Administrator\\PycharmProjects\\Package_Python\\.venv\\Lib\\site-packages\\PyInstaller\\hooks'
[2026-08-10 17:27:06][DEBUG]: 8258 INFO: Processing standard module hook 'hook-heapq.py' from 'C:\\Users\\Administrator\\PycharmProjects\\Package_Python\\.venv\\Lib\\site-packages\\PyInstaller\\hooks'
[2026-08-10 17:27:07][DEBUG]: 8985 INFO: Caching module dependency graph...
[2026-08-10 17:27:07][DEBUG]: 9039 INFO: Analyzing C:\Users\Administrator\PycharmProjects\Package_Python\main.py
[2026-08-10 17:27:07][DEBUG]: 9090 INFO: Processing standard module hook 'hook-PyQt5.py' from 'C:\\Users\\Administrator\\PycharmProjects\\Package_Python\\.venv\\Lib\\site-packages\\PyInstaller\\hooks'
[2026-08-10 17:27:08][DEBUG]: 10278 INFO: Processing standard module hook 'hook-PyQt5.QtCore.py' from 'C:\\Users\\Administrator\\PycharmProjects\\Package_Python\\.venv\\Lib\\site-packages\\PyInstaller\\hooks'
[2026-08-10 17:27:16][DEBUG]: 18270 INFO: Processing standard module hook 'hook-PyQt5.QtWidgets.py' from 'C:\\Users\\Administrator\\PycharmProjects\\Package_Python\\.venv\\Lib\\site-packages\\PyInstaller\\hooks'
[2026-08-10 17:27:29][DEBUG]: 30946 INFO: Processing standard module hook 'hook-PyQt5.QtGui.py' from 'C:\\Users\\Administrator\\PycharmProjects\\Package_Python\\.venv\\Lib\\site-packages\\PyInstaller\\hooks'
[2026-08-10 17:28:18][DEBUG]: 79402 INFO: Processing module hooks (post-graph stage)...
[2026-08-10 17:28:18][DEBUG]: 79408 WARNING: Hidden import "sip" not found!
[2026-08-10 17:28:18][DEBUG]: 79464 INFO: Performing binary vs. data reclassification (97 entries)
[2026-08-10 17:28:18][DEBUG]: 79552 INFO: Looking for ctypes DLLs
[2026-08-10 17:28:18][DEBUG]: 79559 INFO: Analyzing run-time hooks ...
[2026-08-10 17:28:18][DEBUG]: 79560 INFO: Including run-time hook 'pyi_rth_inspect.py' from 'C:\\Users\\Administrator\\PycharmProjects\\Package_Python\\.venv\\Lib\\site-packages\\PyInstaller\\hooks\\rthooks'
[2026-08-10 17:28:18][DEBUG]: 79565 INFO: Including run-time hook 'pyi_rth_pyqt5.py' from 'C:\\Users\\Administrator\\PycharmProjects\\Package_Python\\.venv\\Lib\\site-packages\\PyInstaller\\hooks\\rthooks'
[2026-08-10 17:28:18][DEBUG]: 79569 INFO: Processing pre-find-module-path hook 'hook-_pyi_rth_utils.py' from 'C:\\Users\\Administrator\\PycharmProjects\\Package_Python\\.venv\\Lib\\site-packages\\PyInstaller\\hooks\\pre_find_module_path'
[2026-08-10 17:28:18][DEBUG]: 79573 INFO: Processing standard module hook 'hook-_pyi_rth_utils.py' from 'C:\\Users\\Administrator\\PycharmProjects\\Package_Python\\.venv\\Lib\\site-packages\\PyInstaller\\hooks'
[2026-08-10 17:28:18][DEBUG]: 79580 INFO: Including run-time hook 'pyi_rth_pkgutil.py' from 'C:\\Users\\Administrator\\PycharmProjects\\Package_Python\\.venv\\Lib\\site-packages\\PyInstaller\\hooks\\rthooks'
[2026-08-10 17:28:18][DEBUG]: 79593 INFO: Creating base_library.zip...
[2026-08-10 17:28:18][DEBUG]: 79623 INFO: Looking for dynamic libraries
[2026-08-10 17:28:18][DEBUG]: 79836 INFO: Extra DLL search directories (AddDllDirectory): ['C:\\Users\\Administrator\\PycharmProjects\\Package_Python\\.venv\\Lib\\site-packages\\PyQt5\\Qt5\\bin']
[2026-08-10 17:28:18][DEBUG]: 79836 INFO: Extra DLL search directories (PATH): []
[2026-08-10 17:28:21][DEBUG]: 82532 INFO: Warnings written to C:\Users\ADMINI~1\AppData\Local\Temp\tmpu1zdaahc\build_test_main\test_main\warn-test_main.txt
[2026-08-10 17:28:21][DEBUG]: 82555 INFO: Graph cross-reference written to C:\Users\ADMINI~1\AppData\Local\Temp\tmpu1zdaahc\build_test_main\test_main\xref-test_main.html
[2026-08-10 17:28:21][DEBUG]: 82587 INFO: checking PYZ
[2026-08-10 17:28:21][DEBUG]: 82587 INFO: Building PYZ because PYZ-00.toc is non existent
[2026-08-10 17:28:21][DEBUG]: 82587 INFO: Building PYZ (ZlibArchive) C:\Users\ADMINI~1\AppData\Local\Temp\tmpu1zdaahc\build_test_main\test_main\PYZ-00.pyz
[2026-08-10 17:28:21][DEBUG]: 82883 INFO: Building PYZ (ZlibArchive) C:\Users\ADMINI~1\AppData\Local\Temp\tmpu1zdaahc\build_test_main\test_main\PYZ-00.pyz completed successfully.
[2026-08-10 17:28:21][DEBUG]: 82891 INFO: checking PKG
[2026-08-10 17:28:21][DEBUG]: 82891 INFO: Building PKG because PKG-00.toc is non existent
[2026-08-10 17:28:21][DEBUG]: 82891 INFO: Building PKG (CArchive) test_main.pkg
[2026-08-10 17:28:21][DEBUG]: 82946 INFO: Building PKG (CArchive) test_main.pkg completed successfully.
[2026-08-10 17:28:21][DEBUG]: 82948 INFO: Bootloader C:\Users\Administrator\PycharmProjects\Package_Python\.venv\Lib\site-packages\PyInstaller\bootloader\Windows-64bit-intel\run.exe
[2026-08-10 17:28:21][DEBUG]: 82948 INFO: checking EXE
[2026-08-10 17:28:21][DEBUG]: 82948 INFO: Building EXE because EXE-00.toc is non existent
[2026-08-10 17:28:21][DEBUG]: 82948 INFO: Building EXE from EXE-00.toc
[2026-08-10 17:28:21][DEBUG]: 82950 INFO: Copying bootloader EXE to C:\Users\ADMINI~1\AppData\Local\Temp\tmpu1zdaahc\build_test_main\test_main\test_main.exe
[2026-08-10 17:28:21][DEBUG]: 82965 INFO: Copying icon to EXE
[2026-08-10 17:28:21][DEBUG]: 82974 INFO: Copying 0 resources to EXE
[2026-08-10 17:28:21][DEBUG]: 82974 INFO: Embedding manifest in EXE
[2026-08-10 17:28:21][DEBUG]: 82994 INFO: Appending PKG archive to EXE
[2026-08-10 17:28:21][DEBUG]: 82999 INFO: Fixing EXE headers
[2026-08-10 17:28:21][DEBUG]: 83112 INFO: Building EXE from EXE-00.toc completed successfully.
[2026-08-10 17:28:21][DEBUG]: 83115 INFO: checking COLLECT
[2026-08-10 17:28:21][DEBUG]: 83115 INFO: Building COLLECT because COLLECT-00.toc is non existent
[2026-08-10 17:28:21][DEBUG]: 83116 INFO: Removing dir C:\Users\ADMINI~1\AppData\Local\Temp\tmpa8i7c242\test_main
[2026-08-10 17:28:21][DEBUG]: 83118 INFO: Building COLLECT COLLECT-00.toc
[2026-08-10 17:28:22][DEBUG]: 83786 INFO: Building COLLECT COLLECT-00.toc completed successfully.
[2026-08-10 17:28:22][DEBUG]: 83795 INFO: Build complete! The results are available in: C:\Users\ADMINI~1\AppData\Local\Temp\tmpa8i7c242
[2026-08-10 17:28:22][SUCCESS]: [2026-08-10 17:28:22][SUCCESS]: test_main 打包成功
[2026-08-10 17:28:22][SUCCESS]: [2026-08-10 17:28:22][SUCCESS]: 所有打包任务完成，输出目录：C:\Users\ADMINI~1\AppData\Local\Temp\tmpa8i7c242\test_main
<<<<<<< HEAD
[2026-08-10 17:42:39][INFO]: 资源目录与输出目录已准备就绪
[2026-08-10 17:42:39][INFO]: GUI 主窗口已创建
[2026-08-10 17:42:54][INFO]: 已扫描到 3 个 Python 文件
=======
>>>>>>> origin/pull
[2026-08-11 08:10:21][INFO]: 资源目录与输出目录已准备就绪
[2026-08-11 08:10:22][INFO]: GUI 主窗口已创建
[2026-08-11 08:10:30][INFO]: 已扫描到 1 个 Python 文件
[2026-08-11 08:10:30][INFO]: 已选择项目目录: C:\Users\Administrator\PycharmProjects\Package_Python
[2026-08-11 08:10:34][INFO]: 已选择打包文件: [WindowsPath('C:/Users/Administrator/PycharmProjects/Package_Python/main.py')]
[2026-08-11 08:10:41][INFO]: 已启动后台打包线程
[2026-08-11 08:10:41][INFO]: 已生成打包命令: C:\Users\Administrator\PycharmProjects\PackPython\.venv\Scripts\python.exe -m PyInstaller --noconfirm --distpath C:\Users\Administrator\PycharmProjects\PackPython\output --workpath C:\Users\Administrator\PycharmProjects\PackPython\output\build --specpath C:\Users\Administrator\PycharmProjects\PackPython\output\spec --onefile --name my_app C:\Users\Administrator\PycharmProjects\Package_Python\main.py
[2026-08-11 08:10:41][INFO]: 开始在项目目录 C:\Users\Administrator\PycharmProjects\Package_Python 中执行打包
[2026-08-11 08:11:41][SUCCESS]: 打包已成功完成，输出目录已生成
[2026-08-11 08:14:35][INFO]: 已启动后台打包线程
[2026-08-11 08:14:35][INFO]: 已生成打包命令: C:\Users\Administrator\PycharmProjects\PackPython\.venv\Scripts\python.exe -m PyInstaller --noconfirm --distpath C:\Users\Administrator\PycharmProjects\PackPython\output --workpath C:\Users\Administrator\PycharmProjects\PackPython\output\build --specpath C:\Users\Administrator\PycharmProjects\PackPython\output\spec --onedir --name my_app C:\Users\Administrator\PycharmProjects\Package_Python\main.py
[2026-08-11 08:14:35][INFO]: 开始在项目目录 C:\Users\Administrator\PycharmProjects\Package_Python 中执行打包
[2026-08-11 08:15:24][SUCCESS]: 打包已成功完成，输出目录已生成
[2026-08-11 08:27:44][INFO]: 资源目录与输出目录已准备就绪
[2026-08-11 08:27:45][INFO]: GUI 主窗口已创建
[2026-08-11 08:27:57][INFO]: 已扫描到 1 个 Python 文件
[2026-08-11 08:27:57][INFO]: 已选择项目目录: C:\Users\Administrator\PycharmProjects\PackPython
[2026-08-11 08:28:00][INFO]: 已选择打包文件: [WindowsPath('C:/Users/Administrator/PycharmProjects/PackPython/main.py')]
[2026-08-11 08:28:12][INFO]: 已启动后台打包线程
[2026-08-11 08:28:12][INFO]: 已生成打包命令: C:\Users\Administrator\PycharmProjects\PackPython\.venv\Scripts\python.exe -m PyInstaller --noconfirm --distpath C:\Users\Administrator\PycharmProjects\PackPython\output --workpath C:\Users\Administrator\PycharmProjects\PackPython\output\build --specpath C:\Users\Administrator\PycharmProjects\PackPython\output\spec --onedir --name PackPython C:\Users\Administrator\PycharmProjects\PackPython\main.py
[2026-08-11 08:28:12][INFO]: 开始在项目目录 C:\Users\Administrator\PycharmProjects\PackPython 中执行打包
[2026-08-11 08:28:13][INFO]: 267 INFO: PyInstaller: 6.22.0, contrib hooks: 2026.6
[2026-08-11 08:28:13][INFO]: 267 INFO: Python: 3.13.0
[2026-08-11 08:28:13][INFO]: 322 INFO: Platform: Windows-10-10.0.19045-SP0
[2026-08-11 08:28:13][INFO]: 322 INFO: Python environment: C:\Users\Administrator\PycharmProjects\PackPython\.venv
[2026-08-11 08:28:13][INFO]: 323 INFO: wrote C:\Users\Administrator\PycharmProjects\PackPython\output\spec\PackPython.spec
[2026-08-11 08:28:13][INFO]: 333 INFO: Module search paths (PYTHONPATH):
[2026-08-11 08:28:13][INFO]: ['C:\\Users\\Administrator\\PycharmProjects\\PackPython',
[2026-08-11 08:28:13][INFO]:  'C:\\Users\\Administrator\\AppData\\Local\\Programs\\Python\\Python313\\python313.zip',
[2026-08-11 08:28:13][INFO]:  'C:\\Users\\Administrator\\AppData\\Local\\Programs\\Python\\Python313\\DLLs',
[2026-08-11 08:28:13][INFO]:  'C:\\Users\\Administrator\\AppData\\Local\\Programs\\Python\\Python313\\Lib',
[2026-08-11 08:28:13][INFO]:  'C:\\Users\\Administrator\\AppData\\Local\\Programs\\Python\\Python313',
[2026-08-11 08:28:13][INFO]:  'C:\\Users\\Administrator\\PycharmProjects\\PackPython\\.venv',
[2026-08-11 08:28:13][INFO]:  'C:\\Users\\Administrator\\PycharmProjects\\PackPython\\.venv\\Lib\\site-packages',
[2026-08-11 08:28:13][INFO]:  'C:\\Users\\Administrator\\PycharmProjects\\PackPython']
[2026-08-11 08:28:13][INFO]: 859 INFO: checking Analysis
[2026-08-11 08:28:13][INFO]: 859 INFO: Building Analysis because Analysis-00.toc is non existent
[2026-08-11 08:28:13][INFO]: 859 INFO: Looking for Python shared library...
[2026-08-11 08:28:13][INFO]: 859 INFO: Using Python shared library: C:\Users\Administrator\AppData\Local\Programs\Python\Python313\python313.dll
[2026-08-11 08:28:13][INFO]: 859 INFO: Running Analysis Analysis-00.toc
[2026-08-11 08:28:13][INFO]: 859 INFO: Target bytecode optimization level: 0
[2026-08-11 08:28:13][INFO]: 859 INFO: Initializing module dependency graph...
[2026-08-11 08:28:13][INFO]: 862 INFO: Initializing module graph hook caches...
[2026-08-11 08:28:13][INFO]: 884 INFO: Analyzing modules for base_library.zip ...
[2026-08-11 08:28:15][INFO]: 2721 INFO: Processing standard module hook 'hook-encodings.py' from 'C:\\Users\\Administrator\\PycharmProjects\\PackPython\\.venv\\Lib\\site-packages\\PyInstaller\\hooks'
[2026-08-11 08:28:16][INFO]: 3654 INFO: Processing standard module hook 'hook-math.py' from 'C:\\Users\\Administrator\\PycharmProjects\\PackPython\\.venv\\Lib\\site-packages\\PyInstaller\\hooks'
[2026-08-11 08:28:18][INFO]: 5162 INFO: Processing standard module hook 'hook-pickle.py' from 'C:\\Users\\Administrator\\PycharmProjects\\PackPython\\.venv\\Lib\\site-packages\\PyInstaller\\hooks'
[2026-08-11 08:28:19][INFO]: 6401 INFO: Processing standard module hook 'hook-heapq.py' from 'C:\\Users\\Administrator\\PycharmProjects\\PackPython\\.venv\\Lib\\site-packages\\PyInstaller\\hooks'
[2026-08-11 08:28:20][INFO]: 7049 INFO: Caching module dependency graph...
[2026-08-11 08:28:20][INFO]: 7094 INFO: Analyzing C:\Users\Administrator\PycharmProjects\PackPython\main.py
[2026-08-11 08:28:20][INFO]: 7127 INFO: Processing standard module hook 'hook-PyQt5.py' from 'C:\\Users\\Administrator\\PycharmProjects\\PackPython\\.venv\\Lib\\site-packages\\PyInstaller\\hooks'
[2026-08-11 08:28:21][INFO]: 8058 INFO: Processing standard module hook 'hook-PyQt5.QtCore.py' from 'C:\\Users\\Administrator\\PycharmProjects\\PackPython\\.venv\\Lib\\site-packages\\PyInstaller\\hooks'
[2026-08-11 08:28:24][INFO]: 11039 INFO: Processing standard module hook 'hook-PyQt5.QtWidgets.py' from 'C:\\Users\\Administrator\\PycharmProjects\\PackPython\\.venv\\Lib\\site-packages\\PyInstaller\\hooks'
[2026-08-11 08:28:28][INFO]: 15935 INFO: Processing standard module hook 'hook-PyQt5.QtGui.py' from 'C:\\Users\\Administrator\\PycharmProjects\\PackPython\\.venv\\Lib\\site-packages\\PyInstaller\\hooks'
[2026-08-11 08:28:57][INFO]: 44632 INFO: Processing module hooks (post-graph stage)...
[2026-08-11 08:28:57][INFO]: 44636 WARNING: Hidden import "sip" not found!
[2026-08-11 08:28:57][INFO]: 44684 INFO: Performing binary vs. data reclassification (97 entries)
[2026-08-11 08:28:57][INFO]: 44731 INFO: Looking for ctypes DLLs
[2026-08-11 08:28:57][INFO]: 44743 INFO: Analyzing run-time hooks ...
[2026-08-11 08:28:57][INFO]: 44744 INFO: Including run-time hook 'pyi_rth_inspect.py' from 'C:\\Users\\Administrator\\PycharmProjects\\PackPython\\.venv\\Lib\\site-packages\\PyInstaller\\hooks\\rthooks'
[2026-08-11 08:28:57][INFO]: 44748 INFO: Including run-time hook 'pyi_rth_pyqt5.py' from 'C:\\Users\\Administrator\\PycharmProjects\\PackPython\\.venv\\Lib\\site-packages\\PyInstaller\\hooks\\rthooks'
[2026-08-11 08:28:57][INFO]: 44750 INFO: Processing pre-find-module-path hook 'hook-_pyi_rth_utils.py' from 'C:\\Users\\Administrator\\PycharmProjects\\PackPython\\.venv\\Lib\\site-packages\\PyInstaller\\hooks\\pre_find_module_path'
[2026-08-11 08:28:57][INFO]: 44753 INFO: Processing standard module hook 'hook-_pyi_rth_utils.py' from 'C:\\Users\\Administrator\\PycharmProjects\\PackPython\\.venv\\Lib\\site-packages\\PyInstaller\\hooks'
[2026-08-11 08:28:57][INFO]: 44758 INFO: Including run-time hook 'pyi_rth_pkgutil.py' from 'C:\\Users\\Administrator\\PycharmProjects\\PackPython\\.venv\\Lib\\site-packages\\PyInstaller\\hooks\\rthooks'
[2026-08-11 08:28:57][INFO]: 44767 INFO: Creating base_library.zip...
[2026-08-11 08:28:57][INFO]: 44799 INFO: Looking for dynamic libraries
[2026-08-11 08:28:57][INFO]: 44990 INFO: Extra DLL search directories (AddDllDirectory): ['C:\\Users\\Administrator\\PycharmProjects\\PackPython\\.venv\\Lib\\site-packages\\PyQt5\\Qt5\\bin']
[2026-08-11 08:28:57][INFO]: 44990 INFO: Extra DLL search directories (PATH): []
[2026-08-11 08:28:59][INFO]: 46534 INFO: Warnings written to C:\Users\Administrator\PycharmProjects\PackPython\output\build\PackPython\warn-PackPython.txt
[2026-08-11 08:28:59][INFO]: 46554 INFO: Graph cross-reference written to C:\Users\Administrator\PycharmProjects\PackPython\output\build\PackPython\xref-PackPython.html
[2026-08-11 08:28:59][INFO]: 46580 INFO: checking PYZ
[2026-08-11 08:28:59][INFO]: 46580 INFO: Building PYZ because PYZ-00.toc is non existent
[2026-08-11 08:28:59][INFO]: 46580 INFO: Building PYZ (ZlibArchive) C:\Users\Administrator\PycharmProjects\PackPython\output\build\PackPython\PYZ-00.pyz
[2026-08-11 08:28:59][INFO]: 46742 INFO: Building PYZ (ZlibArchive) C:\Users\Administrator\PycharmProjects\PackPython\output\build\PackPython\PYZ-00.pyz completed successfully.
[2026-08-11 08:28:59][INFO]: 46748 INFO: checking PKG
[2026-08-11 08:28:59][INFO]: 46749 INFO: Building PKG because PKG-00.toc is non existent
[2026-08-11 08:28:59][INFO]: 46749 INFO: Building PKG (CArchive) PackPython.pkg
[2026-08-11 08:28:59][INFO]: 46787 INFO: Building PKG (CArchive) PackPython.pkg completed successfully.
[2026-08-11 08:28:59][INFO]: 46789 INFO: Bootloader C:\Users\Administrator\PycharmProjects\PackPython\.venv\Lib\site-packages\PyInstaller\bootloader\Windows-64bit-intel\run.exe
[2026-08-11 08:28:59][INFO]: 46789 INFO: checking EXE
[2026-08-11 08:28:59][INFO]: 46789 INFO: Building EXE because EXE-00.toc is non existent
[2026-08-11 08:28:59][INFO]: 46789 INFO: Building EXE from EXE-00.toc
[2026-08-11 08:28:59][INFO]: 46790 INFO: Copying bootloader EXE to C:\Users\Administrator\PycharmProjects\PackPython\output\build\PackPython\PackPython.exe
[2026-08-11 08:28:59][INFO]: 46798 INFO: Copying icon to EXE
[2026-08-11 08:28:59][INFO]: 46805 INFO: Copying 0 resources to EXE
[2026-08-11 08:28:59][INFO]: 46805 INFO: Embedding manifest in EXE
[2026-08-11 08:28:59][INFO]: 46812 INFO: Appending PKG archive to EXE
[2026-08-11 08:28:59][INFO]: 46815 INFO: Fixing EXE headers
[2026-08-11 08:28:59][INFO]: 46890 INFO: Building EXE from EXE-00.toc completed successfully.
[2026-08-11 08:28:59][INFO]: 46894 INFO: checking COLLECT
[2026-08-11 08:28:59][INFO]: 46894 INFO: Building COLLECT because COLLECT-00.toc is non existent
[2026-08-11 08:28:59][INFO]: 46897 INFO: Building COLLECT COLLECT-00.toc
[2026-08-11 08:29:00][INFO]: 47387 INFO: Building COLLECT COLLECT-00.toc completed successfully.
[2026-08-11 08:29:00][INFO]: 47392 INFO: Build complete! The results are available in: C:\Users\Administrator\PycharmProjects\PackPython\output
[2026-08-11 08:29:00][SUCCESS]: 打包已成功完成，输出目录已生成
[2026-08-11 08:46:37][INFO]: 资源目录与输出目录已准备就绪
[2026-08-11 08:46:38][INFO]: GUI 主窗口已创建
[2026-08-11 08:46:45][INFO]: 已扫描到 1 个 Python 文件
[2026-08-11 08:46:45][INFO]: 已选择项目目录: C:\Users\Administrator\PycharmProjects\PackPython
[2026-08-11 08:46:47][INFO]: 已选择打包文件: [WindowsPath('C:/Users/Administrator/PycharmProjects/PackPython/main.py')]
[2026-08-11 08:47:11][INFO]: 已启动后台打包线程
[2026-08-11 08:47:11][INFO]: 已启用 GPU 加速
[2026-08-11 08:47:11][INFO]: 已启用 CUDA 加速
[2026-08-11 08:47:11][INFO]: 已生成打包命令: C:\Users\Administrator\PycharmProjects\PackPython\.venv\Scripts\python.exe -m PyInstaller --noconfirm --distpath C:\Users\Administrator\PycharmProjects\PackPython\output --workpath C:\Users\Administrator\PycharmProjects\PackPython\output\build --specpath C:\Users\Administrator\PycharmProjects\PackPython\output\spec --onedir --name New C:\Users\Administrator\PycharmProjects\PackPython\main.py
[2026-08-11 08:47:11][INFO]: 开始在项目目录 C:\Users\Administrator\PycharmProjects\PackPython 中执行打包
[2026-08-11 08:47:12][INFO]: 333 INFO: PyInstaller: 6.22.0, contrib hooks: 2026.6
[2026-08-11 08:47:12][INFO]: 333 INFO: Python: 3.13.0
[2026-08-11 08:47:12][INFO]: 402 INFO: Platform: Windows-10-10.0.19045-SP0
[2026-08-11 08:47:12][INFO]: 402 INFO: Python environment: C:\Users\Administrator\PycharmProjects\PackPython\.venv
[2026-08-11 08:47:12][INFO]: 404 INFO: wrote C:\Users\Administrator\PycharmProjects\PackPython\output\spec\New.spec
[2026-08-11 08:47:12][INFO]: 414 INFO: Module search paths (PYTHONPATH):
[2026-08-11 08:47:12][INFO]: ['C:\\Users\\Administrator\\PycharmProjects\\PackPython',
[2026-08-11 08:47:12][INFO]:  'C:\\Users\\Administrator\\AppData\\Local\\Programs\\Python\\Python313\\python313.zip',
[2026-08-11 08:47:12][INFO]:  'C:\\Users\\Administrator\\AppData\\Local\\Programs\\Python\\Python313\\DLLs',
[2026-08-11 08:47:12][INFO]:  'C:\\Users\\Administrator\\AppData\\Local\\Programs\\Python\\Python313\\Lib',
[2026-08-11 08:47:12][INFO]:  'C:\\Users\\Administrator\\AppData\\Local\\Programs\\Python\\Python313',
[2026-08-11 08:47:12][INFO]:  'C:\\Users\\Administrator\\PycharmProjects\\PackPython\\.venv',
[2026-08-11 08:47:12][INFO]:  'C:\\Users\\Administrator\\PycharmProjects\\PackPython\\.venv\\Lib\\site-packages',
[2026-08-11 08:47:12][INFO]:  'C:\\Users\\Administrator\\PycharmProjects\\PackPython']
[2026-08-11 08:47:13][INFO]: 1135 INFO: checking Analysis
[2026-08-11 08:47:13][INFO]: 1136 INFO: Building Analysis because Analysis-00.toc is non existent
[2026-08-11 08:47:13][INFO]: 1136 INFO: Looking for Python shared library...
[2026-08-11 08:47:13][INFO]: 1136 INFO: Using Python shared library: C:\Users\Administrator\AppData\Local\Programs\Python\Python313\python313.dll
[2026-08-11 08:47:13][INFO]: 1137 INFO: Running Analysis Analysis-00.toc
[2026-08-11 08:47:13][INFO]: 1137 INFO: Target bytecode optimization level: 0
[2026-08-11 08:47:13][INFO]: 1137 INFO: Initializing module dependency graph...
[2026-08-11 08:47:13][INFO]: 1139 INFO: Initializing module graph hook caches...
[2026-08-11 08:47:13][INFO]: 1165 INFO: Analyzing modules for base_library.zip ...
[2026-08-11 08:47:15][INFO]: 3526 INFO: Processing standard module hook 'hook-encodings.py' from 'C:\\Users\\Administrator\\PycharmProjects\\PackPython\\.venv\\Lib\\site-packages\\PyInstaller\\hooks'
[2026-08-11 08:47:16][INFO]: 4653 INFO: Processing standard module hook 'hook-math.py' from 'C:\\Users\\Administrator\\PycharmProjects\\PackPython\\.venv\\Lib\\site-packages\\PyInstaller\\hooks'
[2026-08-11 08:47:19][INFO]: 7234 INFO: Processing standard module hook 'hook-pickle.py' from 'C:\\Users\\Administrator\\PycharmProjects\\PackPython\\.venv\\Lib\\site-packages\\PyInstaller\\hooks'
[2026-08-11 08:47:21][INFO]: 8865 INFO: Processing standard module hook 'hook-heapq.py' from 'C:\\Users\\Administrator\\PycharmProjects\\PackPython\\.venv\\Lib\\site-packages\\PyInstaller\\hooks'
[2026-08-11 08:47:22][INFO]: 9738 INFO: Caching module dependency graph...
[2026-08-11 08:47:22][INFO]: 9797 INFO: Analyzing C:\Users\Administrator\PycharmProjects\PackPython\main.py
[2026-08-11 08:47:22][INFO]: 9855 INFO: Processing standard module hook 'hook-PyQt5.py' from 'C:\\Users\\Administrator\\PycharmProjects\\PackPython\\.venv\\Lib\\site-packages\\PyInstaller\\hooks'
[2026-08-11 08:47:23][INFO]: 10934 INFO: Processing standard module hook 'hook-PyQt5.QtCore.py' from 'C:\\Users\\Administrator\\PycharmProjects\\PackPython\\.venv\\Lib\\site-packages\\PyInstaller\\hooks'
[2026-08-11 08:47:28][INFO]: 16427 INFO: Processing standard module hook 'hook-PyQt5.QtWidgets.py' from 'C:\\Users\\Administrator\\PycharmProjects\\PackPython\\.venv\\Lib\\site-packages\\PyInstaller\\hooks'
[2026-08-11 08:47:35][INFO]: 23658 INFO: Processing standard module hook 'hook-PyQt5.QtGui.py' from 'C:\\Users\\Administrator\\PycharmProjects\\PackPython\\.venv\\Lib\\site-packages\\PyInstaller\\hooks'
[2026-08-11 08:48:22][INFO]: 69732 INFO: Processing module hooks (post-graph stage)...
[2026-08-11 08:48:22][INFO]: 69739 WARNING: Hidden import "sip" not found!
[2026-08-11 08:48:22][INFO]: 69813 INFO: Performing binary vs. data reclassification (97 entries)
[2026-08-11 08:48:22][INFO]: 69885 INFO: Looking for ctypes DLLs
[2026-08-11 08:48:22][INFO]: 69901 INFO: Analyzing run-time hooks ...
[2026-08-11 08:48:22][INFO]: 69903 INFO: Including run-time hook 'pyi_rth_inspect.py' from 'C:\\Users\\Administrator\\PycharmProjects\\PackPython\\.venv\\Lib\\site-packages\\PyInstaller\\hooks\\rthooks'
[2026-08-11 08:48:22][INFO]: 69908 INFO: Including run-time hook 'pyi_rth_pyqt5.py' from 'C:\\Users\\Administrator\\PycharmProjects\\PackPython\\.venv\\Lib\\site-packages\\PyInstaller\\hooks\\rthooks'
[2026-08-11 08:48:22][INFO]: 69915 INFO: Processing pre-find-module-path hook 'hook-_pyi_rth_utils.py' from 'C:\\Users\\Administrator\\PycharmProjects\\PackPython\\.venv\\Lib\\site-packages\\PyInstaller\\hooks\\pre_find_module_path'
[2026-08-11 08:48:22][INFO]: 69920 INFO: Processing standard module hook 'hook-_pyi_rth_utils.py' from 'C:\\Users\\Administrator\\PycharmProjects\\PackPython\\.venv\\Lib\\site-packages\\PyInstaller\\hooks'
[2026-08-11 08:48:22][INFO]: 69929 INFO: Including run-time hook 'pyi_rth_pkgutil.py' from 'C:\\Users\\Administrator\\PycharmProjects\\PackPython\\.venv\\Lib\\site-packages\\PyInstaller\\hooks\\rthooks'
[2026-08-11 08:48:22][INFO]: 69962 INFO: Creating base_library.zip...
[2026-08-11 08:48:22][INFO]: 70005 INFO: Looking for dynamic libraries
[2026-08-11 08:48:22][INFO]: 70267 INFO: Extra DLL search directories (AddDllDirectory): ['C:\\Users\\Administrator\\PycharmProjects\\PackPython\\.venv\\Lib\\site-packages\\PyQt5\\Qt5\\bin']
[2026-08-11 08:48:22][INFO]: 70268 INFO: Extra DLL search directories (PATH): []
[2026-08-11 08:48:24][INFO]: 72469 INFO: Warnings written to C:\Users\Administrator\PycharmProjects\PackPython\output\build\New\warn-New.txt
[2026-08-11 08:48:24][INFO]: 72502 INFO: Graph cross-reference written to C:\Users\Administrator\PycharmProjects\PackPython\output\build\New\xref-New.html
[2026-08-11 08:48:24][INFO]: 72541 INFO: checking PYZ
[2026-08-11 08:48:24][INFO]: 72541 INFO: Building PYZ because PYZ-00.toc is non existent
[2026-08-11 08:48:24][INFO]: 72541 INFO: Building PYZ (ZlibArchive) C:\Users\Administrator\PycharmProjects\PackPython\output\build\New\PYZ-00.pyz
[2026-08-11 08:48:25][INFO]: 72743 INFO: Building PYZ (ZlibArchive) C:\Users\Administrator\PycharmProjects\PackPython\output\build\New\PYZ-00.pyz completed successfully.
[2026-08-11 08:48:25][INFO]: 72806 INFO: checking PKG
[2026-08-11 08:48:25][INFO]: 72807 INFO: Building PKG because PKG-00.toc is non existent
[2026-08-11 08:48:25][INFO]: 72807 INFO: Building PKG (CArchive) New.pkg
[2026-08-11 08:48:25][INFO]: 72875 INFO: Building PKG (CArchive) New.pkg completed successfully.
[2026-08-11 08:48:25][INFO]: 72881 INFO: Bootloader C:\Users\Administrator\PycharmProjects\PackPython\.venv\Lib\site-packages\PyInstaller\bootloader\Windows-64bit-intel\run.exe
[2026-08-11 08:48:25][INFO]: 72881 INFO: checking EXE
[2026-08-11 08:48:25][INFO]: 72881 INFO: Building EXE because EXE-00.toc is non existent
[2026-08-11 08:48:25][INFO]: 72882 INFO: Building EXE from EXE-00.toc
[2026-08-11 08:48:25][INFO]: 72888 INFO: Copying bootloader EXE to C:\Users\Administrator\PycharmProjects\PackPython\output\build\New\New.exe
[2026-08-11 08:48:25][INFO]: 72909 INFO: Copying icon to EXE
[2026-08-11 08:48:25][INFO]: 72928 INFO: Copying 0 resources to EXE
[2026-08-11 08:48:25][INFO]: 72928 INFO: Embedding manifest in EXE
[2026-08-11 08:48:25][INFO]: 72942 INFO: Appending PKG archive to EXE
[2026-08-11 08:48:25][INFO]: 72945 INFO: Fixing EXE headers
[2026-08-11 08:48:25][INFO]: 73053 INFO: Building EXE from EXE-00.toc completed successfully.
[2026-08-11 08:48:25][INFO]: 73063 INFO: checking COLLECT
[2026-08-11 08:48:25][INFO]: 73063 INFO: Building COLLECT because COLLECT-00.toc is non existent
[2026-08-11 08:48:25][INFO]: 73065 INFO: Building COLLECT COLLECT-00.toc
[2026-08-11 08:48:26][INFO]: 73888 INFO: Building COLLECT COLLECT-00.toc completed successfully.
[2026-08-11 08:48:26][INFO]: 73897 INFO: Build complete! The results are available in: C:\Users\Administrator\PycharmProjects\PackPython\output
[2026-08-11 08:48:26][SUCCESS]: 打包已成功完成，输出目录已生成
[2026-08-11 09:11:16][INFO]: 资源目录与输出目录已准备就绪
[2026-08-11 09:11:17][INFO]: GUI 主窗口已创建
[2026-08-11 09:11:25][INFO]: 已扫描到 1 个 Python 文件
[2026-08-11 09:11:25][INFO]: 已选择项目目录: C:\Users\Administrator\PycharmProjects\PackPython
[2026-08-11 09:11:27][INFO]: 已选择打包文件: [WindowsPath('C:/Users/Administrator/PycharmProjects/PackPython/main.py')]
[2026-08-11 09:11:45][INFO]: 已启动后台打包线程
[2026-08-11 09:13:13][INFO]: 资源目录与输出目录已准备就绪
[2026-08-11 09:13:15][INFO]: GUI 主窗口已创建
[2026-08-11 09:13:23][INFO]: 已扫描到 1 个 Python 文件
[2026-08-11 09:13:23][INFO]: 已选择项目目录: C:\Users\Administrator\PycharmProjects\PackPython
[2026-08-11 09:13:25][INFO]: 已选择打包文件: [WindowsPath('C:/Users/Administrator/PycharmProjects/PackPython/main.py')]
[2026-08-11 09:13:30][INFO]: 已启动后台打包线程
[2026-08-11 09:13:39][INFO]: 资源目录与输出目录已准备就绪
[2026-08-11 09:13:40][INFO]: GUI 主窗口已创建
[2026-08-11 09:13:47][INFO]: 已扫描到 1 个 Python 文件
[2026-08-11 09:13:47][INFO]: 已选择项目目录: C:\Users\Administrator\PycharmProjects\PackPython
[2026-08-11 09:13:49][INFO]: 已选择打包文件: [WindowsPath('C:/Users/Administrator/PycharmProjects/PackPython/main.py')]
[2026-08-11 09:13:53][INFO]: 已启动后台打包线程
[2026-08-11 09:16:05][INFO]: 资源目录与输出目录已准备就绪
[2026-08-11 09:16:06][INFO]: GUI 主窗口已创建
[2026-08-11 09:16:12][INFO]: 已扫描到 1 个 Python 文件
[2026-08-11 09:16:12][INFO]: 已选择项目目录: C:\Users\Administrator\PycharmProjects\PackPython
[2026-08-11 09:16:14][INFO]: 已选择打包文件: [WindowsPath('C:/Users/Administrator/PycharmProjects/PackPython/main.py')]
[2026-08-11 09:16:19][INFO]: 已启动后台打包线程
[2026-08-11 09:16:19][INFO]: 已生成打包命令: C:\Users\Administrator\PycharmProjects\PackPython\.venv\Scripts\python.exe -m PyInstaller --noconfirm --distpath C:\Users\Administrator\PycharmProjects\PackPython\output --workpath C:\Users\Administrator\PycharmProjects\PackPython\output\build --specpath C:\Users\Administrator\PycharmProjects\PackPython\output\spec --onedir --name my_app C:\Users\Administrator\PycharmProjects\PackPython\main.py
[2026-08-11 09:16:19][INFO]: 开始在项目目录 C:\Users\Administrator\PycharmProjects\PackPython 中执行打包
[2026-08-11 09:16:20][INFO]: 616 INFO: PyInstaller: 6.22.0, contrib hooks: 2026.6
[2026-08-11 09:16:20][INFO]: 617 INFO: Python: 3.13.0
[2026-08-11 09:16:21][INFO]: 885 INFO: Platform: Windows-10-10.0.19045-SP0
[2026-08-11 09:16:21][INFO]: 885 INFO: Python environment: C:\Users\Administrator\PycharmProjects\PackPython\.venv
[2026-08-11 09:16:21][INFO]: 886 INFO: wrote C:\Users\Administrator\PycharmProjects\PackPython\output\spec\my_app.spec
[2026-08-11 09:16:21][INFO]: 900 INFO: Module search paths (PYTHONPATH):
[2026-08-11 09:16:21][INFO]: ['C:\\Users\\Administrator\\PycharmProjects\\PackPython',
[2026-08-11 09:16:21][INFO]:  'C:\\Users\\Administrator\\AppData\\Local\\Programs\\Python\\Python313\\python313.zip',
[2026-08-11 09:16:21][INFO]:  'C:\\Users\\Administrator\\AppData\\Local\\Programs\\Python\\Python313\\DLLs',
[2026-08-11 09:16:21][INFO]:  'C:\\Users\\Administrator\\AppData\\Local\\Programs\\Python\\Python313\\Lib',
[2026-08-11 09:16:21][INFO]:  'C:\\Users\\Administrator\\AppData\\Local\\Programs\\Python\\Python313',
[2026-08-11 09:16:21][INFO]:  'C:\\Users\\Administrator\\PycharmProjects\\PackPython\\.venv',
[2026-08-11 09:16:21][INFO]:  'C:\\Users\\Administrator\\PycharmProjects\\PackPython\\.venv\\Lib\\site-packages',
[2026-08-11 09:16:21][INFO]:  'C:\\Users\\Administrator\\PycharmProjects\\PackPython']
[2026-08-11 09:16:21][INFO]: 1648 INFO: checking Analysis
[2026-08-11 09:16:21][INFO]: 1657 INFO: Building because inputs changed
[2026-08-11 09:16:21][INFO]: 1657 INFO: Looking for Python shared library...
[2026-08-11 09:16:21][INFO]: 1657 INFO: Using Python shared library: C:\Users\Administrator\AppData\Local\Programs\Python\Python313\python313.dll
[2026-08-11 09:16:21][INFO]: 1657 INFO: Running Analysis Analysis-00.toc
[2026-08-11 09:16:21][INFO]: 1657 INFO: Target bytecode optimization level: 0
[2026-08-11 09:16:21][INFO]: 1657 INFO: Initializing module dependency graph...
[2026-08-11 09:16:21][INFO]: 1662 INFO: Initializing module graph hook caches...
[2026-08-11 09:16:21][INFO]: 1695 INFO: Analyzing modules for base_library.zip ...
[2026-08-11 09:16:25][INFO]: 4914 INFO: Processing standard module hook 'hook-encodings.py' from 'C:\\Users\\Administrator\\PycharmProjects\\PackPython\\.venv\\Lib\\site-packages\\PyInstaller\\hooks'
[2026-08-11 09:16:26][INFO]: 6008 INFO: Processing standard module hook 'hook-math.py' from 'C:\\Users\\Administrator\\PycharmProjects\\PackPython\\.venv\\Lib\\site-packages\\PyInstaller\\hooks'
[2026-08-11 09:16:28][INFO]: 8209 INFO: Processing standard module hook 'hook-pickle.py' from 'C:\\Users\\Administrator\\PycharmProjects\\PackPython\\.venv\\Lib\\site-packages\\PyInstaller\\hooks'
[2026-08-11 09:16:30][INFO]: 10084 INFO: Processing standard module hook 'hook-heapq.py' from 'C:\\Users\\Administrator\\PycharmProjects\\PackPython\\.venv\\Lib\\site-packages\\PyInstaller\\hooks'
[2026-08-11 09:16:31][INFO]: 11063 INFO: Caching module dependency graph...
[2026-08-11 09:16:31][INFO]: 11138 INFO: Analyzing C:\Users\Administrator\PycharmProjects\PackPython\main.py
[2026-08-11 09:16:31][INFO]: 11221 INFO: Processing standard module hook 'hook-PyQt5.py' from 'C:\\Users\\Administrator\\PycharmProjects\\PackPython\\.venv\\Lib\\site-packages\\PyInstaller\\hooks'
[2026-08-11 09:16:32][INFO]: 12588 INFO: Processing standard module hook 'hook-PyQt5.QtCore.py' from 'C:\\Users\\Administrator\\PycharmProjects\\PackPython\\.venv\\Lib\\site-packages\\PyInstaller\\hooks'
[2026-08-11 09:16:37][INFO]: 17579 INFO: Processing standard module hook 'hook-PyQt5.QtWidgets.py' from 'C:\\Users\\Administrator\\PycharmProjects\\PackPython\\.venv\\Lib\\site-packages\\PyInstaller\\hooks'
[2026-08-11 09:16:46][INFO]: 26096 INFO: Processing standard module hook 'hook-PyQt5.QtGui.py' from 'C:\\Users\\Administrator\\PycharmProjects\\PackPython\\.venv\\Lib\\site-packages\\PyInstaller\\hooks'
[2026-08-11 09:17:41][INFO]: 81347 INFO: Processing module hooks (post-graph stage)...
[2026-08-11 09:17:41][INFO]: 81357 WARNING: Hidden import "sip" not found!
[2026-08-11 09:17:41][INFO]: 81456 INFO: Performing binary vs. data reclassification (97 entries)
[2026-08-11 09:17:41][INFO]: 81600 INFO: Looking for ctypes DLLs
[2026-08-11 09:17:41][INFO]: 81611 INFO: Analyzing run-time hooks ...
[2026-08-11 09:17:41][INFO]: 81614 INFO: Including run-time hook 'pyi_rth_inspect.py' from 'C:\\Users\\Administrator\\PycharmProjects\\PackPython\\.venv\\Lib\\site-packages\\PyInstaller\\hooks\\rthooks'
[2026-08-11 09:17:41][INFO]: 81618 INFO: Including run-time hook 'pyi_rth_pyqt5.py' from 'C:\\Users\\Administrator\\PycharmProjects\\PackPython\\.venv\\Lib\\site-packages\\PyInstaller\\hooks\\rthooks'
[2026-08-11 09:17:41][INFO]: 81626 INFO: Processing pre-find-module-path hook 'hook-_pyi_rth_utils.py' from 'C:\\Users\\Administrator\\PycharmProjects\\PackPython\\.venv\\Lib\\site-packages\\PyInstaller\\hooks\\pre_find_module_path'
[2026-08-11 09:17:41][INFO]: 81631 INFO: Processing standard module hook 'hook-_pyi_rth_utils.py' from 'C:\\Users\\Administrator\\PycharmProjects\\PackPython\\.venv\\Lib\\site-packages\\PyInstaller\\hooks'
[2026-08-11 09:17:41][INFO]: 81639 INFO: Including run-time hook 'pyi_rth_pkgutil.py' from 'C:\\Users\\Administrator\\PycharmProjects\\PackPython\\.venv\\Lib\\site-packages\\PyInstaller\\hooks\\rthooks'
[2026-08-11 09:17:41][INFO]: 81655 INFO: Creating base_library.zip...
[2026-08-11 09:17:41][INFO]: 81698 INFO: Looking for dynamic libraries
[2026-08-11 09:17:42][INFO]: 82017 INFO: Extra DLL search directories (AddDllDirectory): ['C:\\Users\\Administrator\\PycharmProjects\\PackPython\\.venv\\Lib\\site-packages\\PyQt5\\Qt5\\bin']
[2026-08-11 09:17:42][INFO]: 82017 INFO: Extra DLL search directories (PATH): []
[2026-08-11 09:17:44][INFO]: 84387 INFO: Warnings written to C:\Users\Administrator\PycharmProjects\PackPython\output\build\my_app\warn-my_app.txt
[2026-08-11 09:17:44][INFO]: 84419 INFO: Graph cross-reference written to C:\Users\Administrator\PycharmProjects\PackPython\output\build\my_app\xref-my_app.html
[2026-08-11 09:17:44][INFO]: 84479 INFO: checking PYZ
[2026-08-11 09:17:44][INFO]: 84515 INFO: checking PKG
[2026-08-11 09:17:44][INFO]: 84517 INFO: Building because toc changed
[2026-08-11 09:17:44][INFO]: 84518 INFO: Building PKG (CArchive) my_app.pkg
[2026-08-11 09:17:44][INFO]: 84594 INFO: Building PKG (CArchive) my_app.pkg completed successfully.
[2026-08-11 09:17:44][INFO]: 84599 INFO: Bootloader C:\Users\Administrator\PycharmProjects\PackPython\.venv\Lib\site-packages\PyInstaller\bootloader\Windows-64bit-intel\run.exe
[2026-08-11 09:17:44][INFO]: 84599 INFO: checking EXE
[2026-08-11 09:17:44][INFO]: 84606 INFO: Building because toc changed
[2026-08-11 09:17:44][INFO]: 84606 INFO: Building EXE from EXE-00.toc
[2026-08-11 09:17:44][INFO]: 84613 INFO: Copying bootloader EXE to C:\Users\Administrator\PycharmProjects\PackPython\output\build\my_app\my_app.exe
[2026-08-11 09:17:44][INFO]: 84631 INFO: Copying icon to EXE
[2026-08-11 09:17:44][INFO]: 84645 INFO: Copying 0 resources to EXE
[2026-08-11 09:17:44][INFO]: 84645 INFO: Embedding manifest in EXE
[2026-08-11 09:17:44][INFO]: 84659 INFO: Appending PKG archive to EXE
[2026-08-11 09:17:44][INFO]: 84664 INFO: Fixing EXE headers
[2026-08-11 09:17:44][INFO]: 84764 INFO: Building EXE from EXE-00.toc completed successfully.
[2026-08-11 09:17:44][INFO]: 84771 INFO: checking COLLECT
[2026-08-11 09:17:44][INFO]: 84777 INFO: Removing dir C:\Users\Administrator\PycharmProjects\PackPython\output\my_app
[2026-08-11 09:17:45][INFO]: 84919 INFO: Building COLLECT COLLECT-00.toc
[2026-08-11 09:17:46][INFO]: 86118 INFO: Building COLLECT COLLECT-00.toc completed successfully.
[2026-08-11 09:17:46][INFO]: 86122 INFO: Build complete! The results are available in: C:\Users\Administrator\PycharmProjects\PackPython\output
[2026-08-11 09:17:46][SUCCESS]: 打包已成功完成，输出目录已生成
[2026-08-11 09:33:36][INFO]: 资源目录与输出目录已准备就绪
[2026-08-11 09:33:38][INFO]: GUI 主窗口已创建
[2026-08-11 09:42:52][INFO]: 资源目录与输出目录已准备就绪
[2026-08-11 09:42:54][INFO]: GUI 主窗口已创建
[2026-08-11 09:45:00][INFO]: 资源目录与输出目录已准备就绪
[2026-08-11 09:45:01][INFO]: GUI 主窗口已创建
[2026-08-11 09:46:08][INFO]: 资源目录与输出目录已准备就绪
[2026-08-11 09:46:10][INFO]: GUI 主窗口已创建
[2026-08-11 09:49:13][INFO]: 资源目录与输出目录已准备就绪
[2026-08-11 09:49:15][INFO]: GUI 主窗口已创建
[2026-08-11 10:01:08][INFO]: 已扫描到 1 个 Python 文件
[2026-08-11 10:01:08][INFO]: 已选择项目目录: C:\Users\Administrator\PycharmProjects\PackPython
[2026-08-11 10:01:10][INFO]: 已选择打包文件: [WindowsPath('C:/Users/Administrator/PycharmProjects/PackPython/main.py')]
[2026-08-11 10:01:13][INFO]: 已选择图标文件: C:\Users\Administrator\PycharmProjects\PackPython\assets\package.ico
[2026-08-11 10:02:46][INFO]: 已选择输出目录: C:\Users\Administrator\Documents\Output
[2026-08-11 10:02:53][INFO]: 已生成打包命令: C:\Users\Administrator\PycharmProjects\PackPython\.venv\Scripts\python.exe -m PyInstaller --noconfirm --distpath C:\Users\Administrator\Documents\Output --workpath C:\Users\Administrator\Documents\Output\build --specpath C:\Users\Administrator\Documents\Output\spec --onefile --name PackPython --icon C:\Users\Administrator\PycharmProjects\PackPython\assets\package.ico C:\Users\Administrator\PycharmProjects\PackPython\main.py
[2026-08-11 10:02:53][INFO]: 开始在项目目录 C:\Users\Administrator\PycharmProjects\PackPython 中执行打包
[2026-08-11 10:02:54][INFO]: 519 INFO: PyInstaller: 6.22.0, contrib hooks: 2026.6
[2026-08-11 10:02:54][INFO]: 524 INFO: Python: 3.13.0
[2026-08-11 10:02:54][INFO]: 596 INFO: Platform: Windows-10-10.0.19045-SP0
[2026-08-11 10:02:54][INFO]: 596 INFO: Python environment: C:\Users\Administrator\PycharmProjects\PackPython\.venv
[2026-08-11 10:02:54][INFO]: 598 INFO: wrote C:\Users\Administrator\Documents\Output\spec\PackPython.spec
[2026-08-11 10:02:54][INFO]: 616 INFO: Module search paths (PYTHONPATH):
[2026-08-11 10:02:54][INFO]: ['C:\\Users\\Administrator\\PycharmProjects\\PackPython',
[2026-08-11 10:02:54][INFO]:  'C:\\Users\\Administrator\\AppData\\Local\\Programs\\Python\\Python313\\python313.zip',
[2026-08-11 10:02:54][INFO]:  'C:\\Users\\Administrator\\AppData\\Local\\Programs\\Python\\Python313\\DLLs',
[2026-08-11 10:02:54][INFO]:  'C:\\Users\\Administrator\\AppData\\Local\\Programs\\Python\\Python313\\Lib',
[2026-08-11 10:02:54][INFO]:  'C:\\Users\\Administrator\\AppData\\Local\\Programs\\Python\\Python313',
[2026-08-11 10:02:54][INFO]:  'C:\\Users\\Administrator\\PycharmProjects\\PackPython\\.venv',
[2026-08-11 10:02:54][INFO]:  'C:\\Users\\Administrator\\PycharmProjects\\PackPython\\.venv\\Lib\\site-packages',
[2026-08-11 10:02:54][INFO]:  'C:\\Users\\Administrator\\PycharmProjects\\PackPython']
[2026-08-11 10:02:55][INFO]: 1423 INFO: checking Analysis
[2026-08-11 10:02:55][INFO]: 1424 INFO: Building Analysis because Analysis-00.toc is non existent
[2026-08-11 10:02:55][INFO]: 1424 INFO: Looking for Python shared library...
[2026-08-11 10:02:55][INFO]: 1424 INFO: Using Python shared library: C:\Users\Administrator\AppData\Local\Programs\Python\Python313\python313.dll
[2026-08-11 10:02:55][INFO]: 1424 INFO: Running Analysis Analysis-00.toc
[2026-08-11 10:02:55][INFO]: 1424 INFO: Target bytecode optimization level: 0
[2026-08-11 10:02:55][INFO]: 1424 INFO: Initializing module dependency graph...
[2026-08-11 10:02:55][INFO]: 1426 INFO: Initializing module graph hook caches...
[2026-08-11 10:02:55][INFO]: 1458 INFO: Analyzing modules for base_library.zip ...
[2026-08-11 10:02:58][INFO]: 4378 INFO: Processing standard module hook 'hook-encodings.py' from 'C:\\Users\\Administrator\\PycharmProjects\\PackPython\\.venv\\Lib\\site-packages\\PyInstaller\\hooks'
[2026-08-11 10:02:59][INFO]: 5519 INFO: Processing standard module hook 'hook-math.py' from 'C:\\Users\\Administrator\\PycharmProjects\\PackPython\\.venv\\Lib\\site-packages\\PyInstaller\\hooks'
[2026-08-11 10:03:02][INFO]: 8368 INFO: Processing standard module hook 'hook-pickle.py' from 'C:\\Users\\Administrator\\PycharmProjects\\PackPython\\.venv\\Lib\\site-packages\\PyInstaller\\hooks'
[2026-08-11 10:03:04][INFO]: 10737 INFO: Processing standard module hook 'hook-heapq.py' from 'C:\\Users\\Administrator\\PycharmProjects\\PackPython\\.venv\\Lib\\site-packages\\PyInstaller\\hooks'
[2026-08-11 10:03:05][INFO]: 11553 INFO: Caching module dependency graph...
[2026-08-11 10:03:05][INFO]: 11723 INFO: Analyzing C:\Users\Administrator\PycharmProjects\PackPython\main.py
[2026-08-11 10:03:05][INFO]: 11809 INFO: Processing standard module hook 'hook-PyQt5.py' from 'C:\\Users\\Administrator\\PycharmProjects\\PackPython\\.venv\\Lib\\site-packages\\PyInstaller\\hooks'
[2026-08-11 10:03:07][INFO]: 13077 INFO: Processing standard module hook 'hook-PyQt5.QtCore.py' from 'C:\\Users\\Administrator\\PycharmProjects\\PackPython\\.venv\\Lib\\site-packages\\PyInstaller\\hooks'
[2026-08-11 10:03:11][INFO]: 17203 INFO: Processing standard module hook 'hook-PyQt5.QtWidgets.py' from 'C:\\Users\\Administrator\\PycharmProjects\\PackPython\\.venv\\Lib\\site-packages\\PyInstaller\\hooks'
[2026-08-11 10:03:17][INFO]: 23951 INFO: Processing standard module hook 'hook-PyQt5.QtGui.py' from 'C:\\Users\\Administrator\\PycharmProjects\\PackPython\\.venv\\Lib\\site-packages\\PyInstaller\\hooks'
[2026-08-11 10:03:57][INFO]: 63676 INFO: Processing standard module hook 'hook-multiprocessing.util.py' from 'C:\\Users\\Administrator\\PycharmProjects\\PackPython\\.venv\\Lib\\site-packages\\PyInstaller\\hooks'
[2026-08-11 10:03:58][INFO]: 64084 INFO: Processing standard module hook 'hook-xml.py' from 'C:\\Users\\Administrator\\PycharmProjects\\PackPython\\.venv\\Lib\\site-packages\\PyInstaller\\hooks'
[2026-08-11 10:03:58][INFO]: 64523 INFO: Processing standard module hook 'hook-_ctypes.py' from 'C:\\Users\\Administrator\\PycharmProjects\\PackPython\\.venv\\Lib\\site-packages\\PyInstaller\\hooks'
[2026-08-11 10:03:58][INFO]: 64576 INFO: Processing module hooks (post-graph stage)...
[2026-08-11 10:03:58][INFO]: 64581 WARNING: Hidden import "sip" not found!
[2026-08-11 10:03:59][INFO]: 64982 INFO: Performing binary vs. data reclassification (97 entries)
[2026-08-11 10:03:59][INFO]: 65060 INFO: Looking for ctypes DLLs
[2026-08-11 10:03:59][INFO]: 65071 INFO: Analyzing run-time hooks ...
[2026-08-11 10:03:59][INFO]: 65075 INFO: Including run-time hook 'pyi_rth_inspect.py' from 'C:\\Users\\Administrator\\PycharmProjects\\PackPython\\.venv\\Lib\\site-packages\\PyInstaller\\hooks\\rthooks'
[2026-08-11 10:03:59][INFO]: 65083 INFO: Including run-time hook 'pyi_rth_pkgutil.py' from 'C:\\Users\\Administrator\\PycharmProjects\\PackPython\\.venv\\Lib\\site-packages\\PyInstaller\\hooks\\rthooks'
[2026-08-11 10:03:59][INFO]: 65087 INFO: Including run-time hook 'pyi_rth_multiprocessing.py' from 'C:\\Users\\Administrator\\PycharmProjects\\PackPython\\.venv\\Lib\\site-packages\\PyInstaller\\hooks\\rthooks'
[2026-08-11 10:03:59][INFO]: 65094 INFO: Including run-time hook 'pyi_rth_pyqt5.py' from 'C:\\Users\\Administrator\\PycharmProjects\\PackPython\\.venv\\Lib\\site-packages\\PyInstaller\\hooks\\rthooks'
[2026-08-11 10:03:59][INFO]: 65097 INFO: Processing pre-find-module-path hook 'hook-_pyi_rth_utils.py' from 'C:\\Users\\Administrator\\PycharmProjects\\PackPython\\.venv\\Lib\\site-packages\\PyInstaller\\hooks\\pre_find_module_path'
[2026-08-11 10:03:59][INFO]: 65101 INFO: Processing standard module hook 'hook-_pyi_rth_utils.py' from 'C:\\Users\\Administrator\\PycharmProjects\\PackPython\\.venv\\Lib\\site-packages\\PyInstaller\\hooks'
[2026-08-11 10:03:59][INFO]: 65114 INFO: Creating base_library.zip...
[2026-08-11 10:04:05][INFO]: 71389 INFO: Looking for dynamic libraries
[2026-08-11 10:04:06][INFO]: 72125 INFO: Extra DLL search directories (AddDllDirectory): ['C:\\Users\\Administrator\\PycharmProjects\\PackPython\\.venv\\Lib\\site-packages\\PyQt5\\Qt5\\bin']
[2026-08-11 10:04:06][INFO]: 72125 INFO: Extra DLL search directories (PATH): []
[2026-08-11 10:04:08][INFO]: 74354 INFO: Warnings written to C:\Users\Administrator\Documents\Output\build\PackPython\warn-PackPython.txt
[2026-08-11 10:04:10][INFO]: 76245 INFO: Graph cross-reference written to C:\Users\Administrator\Documents\Output\build\PackPython\xref-PackPython.html
[2026-08-11 10:04:10][INFO]: 76740 INFO: checking PYZ
[2026-08-11 10:04:10][INFO]: 76741 INFO: Building PYZ because PYZ-00.toc is non existent
[2026-08-11 10:04:10][INFO]: 76741 INFO: Building PYZ (ZlibArchive) C:\Users\Administrator\Documents\Output\build\PackPython\PYZ-00.pyz
[2026-08-11 10:04:11][INFO]: 77873 INFO: Building PYZ (ZlibArchive) C:\Users\Administrator\Documents\Output\build\PackPython\PYZ-00.pyz completed successfully.
[2026-08-11 10:04:11][INFO]: 77894 INFO: checking PKG
[2026-08-11 10:04:11][INFO]: 77895 INFO: Building PKG because PKG-00.toc is non existent
[2026-08-11 10:04:11][INFO]: 77895 INFO: Building PKG (CArchive) PackPython.pkg
[2026-08-11 10:06:09][INFO]: 195783 INFO: Building PKG (CArchive) PackPython.pkg completed successfully.
[2026-08-11 10:06:09][INFO]: 195789 INFO: Bootloader C:\Users\Administrator\PycharmProjects\PackPython\.venv\Lib\site-packages\PyInstaller\bootloader\Windows-64bit-intel\run.exe
[2026-08-11 10:06:09][INFO]: 195789 INFO: checking EXE
[2026-08-11 10:06:09][INFO]: 195789 INFO: Building EXE because EXE-00.toc is non existent
[2026-08-11 10:06:09][INFO]: 195789 INFO: Building EXE from EXE-00.toc
[2026-08-11 10:06:09][INFO]: 195790 INFO: Copying bootloader EXE to C:\Users\Administrator\Documents\Output\PackPython.exe
[2026-08-11 10:06:10][INFO]: 196109 INFO: Copying icon to EXE
[2026-08-11 10:06:10][INFO]: 196196 INFO: Copying 0 resources to EXE
[2026-08-11 10:06:10][INFO]: 196196 INFO: Embedding manifest in EXE
[2026-08-11 10:06:10][INFO]: 196204 INFO: Appending PKG archive to EXE
[2026-08-11 10:06:12][INFO]: 198927 INFO: Fixing EXE headers
[2026-08-11 10:06:13][INFO]: 199353 INFO: Building EXE from EXE-00.toc completed successfully.
[2026-08-11 10:06:13][INFO]: 199361 INFO: Build complete! The results are available in: C:\Users\Administrator\Documents\Output
[2026-08-11 10:06:13][SUCCESS]: 打包已成功完成，输出目录已生成
[2026-08-11 12:29:22][INFO]: 资源目录与输出目录已准备就绪
[2026-08-11 12:29:23][INFO]: GUI 主窗口已创建
[2026-08-11 12:29:41][INFO]: 已扫描到 1 个 Python 文件
[2026-08-11 12:29:41][INFO]: 已选择项目目录: C:\Users\Administrator\PycharmProjects\PackPython
[2026-08-11 12:29:50][INFO]: 已选择打包文件: [WindowsPath('C:/Users/Administrator/PycharmProjects/PackPython/main.py')]
[2026-08-11 12:30:04][INFO]: 已添加资源: C:\Users\Administrator\PycharmProjects\PackPython\assets\package.ico -> assets/package.ico
[2026-08-11 12:30:16][INFO]: 已启动后台打包线程
[2026-08-11 12:30:16][INFO]: 已生成打包命令: C:\Users\Administrator\PycharmProjects\PackPython\.venv\Scripts\python.exe -m PyInstaller --noconfirm --distpath C:\Users\Administrator\PycharmProjects\PackPython\output --workpath C:\Users\Administrator\PycharmProjects\PackPython\output\build --specpath C:\Users\Administrator\PycharmProjects\PackPython\output\spec --windowed --onefile --name my_app --icon C:\Users\Administrator\PycharmProjects\PackPython\assets\package.ico --add-data C:\Users\Administrator\PycharmProjects\PackPython\assets\package.ico;assets/package.ico C:\Users\Administrator\PycharmProjects\PackPython\main.py
[2026-08-11 12:30:16][INFO]: 开始在项目目录 C:\Users\Administrator\PycharmProjects\PackPython 中执行打包
[2026-08-11 12:30:17][INFO]: 424 INFO: PyInstaller: 6.22.0, contrib hooks: 2026.6
[2026-08-11 12:30:17][INFO]: 424 INFO: Python: 3.13.0
[2026-08-11 12:30:17][INFO]: 480 INFO: Platform: Windows-10-10.0.19045-SP0
[2026-08-11 12:30:17][INFO]: 480 INFO: Python environment: C:\Users\Administrator\PycharmProjects\PackPython\.venv
[2026-08-11 12:30:17][INFO]: 482 INFO: wrote C:\Users\Administrator\PycharmProjects\PackPython\output\spec\my_app.spec
[2026-08-11 12:30:17][INFO]: 493 INFO: Module search paths (PYTHONPATH):
[2026-08-11 12:30:17][INFO]: ['C:\\Users\\Administrator\\PycharmProjects\\PackPython',
[2026-08-11 12:30:17][INFO]:  'C:\\Users\\Administrator\\AppData\\Local\\Programs\\Python\\Python313\\python313.zip',
[2026-08-11 12:30:17][INFO]:  'C:\\Users\\Administrator\\AppData\\Local\\Programs\\Python\\Python313\\DLLs',
[2026-08-11 12:30:17][INFO]:  'C:\\Users\\Administrator\\AppData\\Local\\Programs\\Python\\Python313\\Lib',
[2026-08-11 12:30:17][INFO]:  'C:\\Users\\Administrator\\AppData\\Local\\Programs\\Python\\Python313',
[2026-08-11 12:30:17][INFO]:  'C:\\Users\\Administrator\\PycharmProjects\\PackPython\\.venv',
[2026-08-11 12:30:17][INFO]:  'C:\\Users\\Administrator\\PycharmProjects\\PackPython\\.venv\\Lib\\site-packages',
[2026-08-11 12:30:17][INFO]:  'C:\\Users\\Administrator\\PycharmProjects\\PackPython']
[2026-08-11 12:30:17][INFO]: 1118 INFO: Appending 'datas' from .spec
[2026-08-11 12:30:17][INFO]: 1119 INFO: checking Analysis
[2026-08-11 12:30:17][INFO]: 1119 INFO: Building Analysis because Analysis-00.toc is non existent
[2026-08-11 12:30:17][INFO]: 1119 INFO: Looking for Python shared library...
[2026-08-11 12:30:17][INFO]: 1119 INFO: Using Python shared library: C:\Users\Administrator\AppData\Local\Programs\Python\Python313\python313.dll
[2026-08-11 12:30:17][INFO]: 1119 INFO: Running Analysis Analysis-00.toc
[2026-08-11 12:30:17][INFO]: 1119 INFO: Target bytecode optimization level: 0
[2026-08-11 12:30:17][INFO]: 1119 INFO: Initializing module dependency graph...
[2026-08-11 12:30:17][INFO]: 1122 INFO: Initializing module graph hook caches...
[2026-08-11 12:30:17][INFO]: 1155 INFO: Analyzing modules for base_library.zip ...
[2026-08-11 12:30:20][INFO]: 3483 INFO: Processing standard module hook 'hook-encodings.py' from 'C:\\Users\\Administrator\\PycharmProjects\\PackPython\\.venv\\Lib\\site-packages\\PyInstaller\\hooks'
[2026-08-11 12:30:21][INFO]: 4443 INFO: Processing standard module hook 'hook-math.py' from 'C:\\Users\\Administrator\\PycharmProjects\\PackPython\\.venv\\Lib\\site-packages\\PyInstaller\\hooks'
[2026-08-11 12:30:22][INFO]: 6147 INFO: Processing standard module hook 'hook-pickle.py' from 'C:\\Users\\Administrator\\PycharmProjects\\PackPython\\.venv\\Lib\\site-packages\\PyInstaller\\hooks'
[2026-08-11 12:30:24][INFO]: 7613 INFO: Processing standard module hook 'hook-heapq.py' from 'C:\\Users\\Administrator\\PycharmProjects\\PackPython\\.venv\\Lib\\site-packages\\PyInstaller\\hooks'
[2026-08-11 12:30:25][INFO]: 8290 INFO: Caching module dependency graph...
[2026-08-11 12:30:25][INFO]: 8334 INFO: Analyzing C:\Users\Administrator\PycharmProjects\PackPython\main.py
[2026-08-11 12:30:25][INFO]: 8405 INFO: Processing standard module hook 'hook-_ctypes.py' from 'C:\\Users\\Administrator\\PycharmProjects\\PackPython\\.venv\\Lib\\site-packages\\PyInstaller\\hooks'
[2026-08-11 12:30:25][INFO]: 8415 INFO: Processing standard module hook 'hook-PyQt5.py' from 'C:\\Users\\Administrator\\PycharmProjects\\PackPython\\.venv\\Lib\\site-packages\\PyInstaller\\hooks'
[2026-08-11 12:30:26][INFO]: 9410 INFO: Processing standard module hook 'hook-PyQt5.QtCore.py' from 'C:\\Users\\Administrator\\PycharmProjects\\PackPython\\.venv\\Lib\\site-packages\\PyInstaller\\hooks'
[2026-08-11 12:30:29][INFO]: 12620 INFO: Processing standard module hook 'hook-PyQt5.QtWidgets.py' from 'C:\\Users\\Administrator\\PycharmProjects\\PackPython\\.venv\\Lib\\site-packages\\PyInstaller\\hooks'
[2026-08-11 12:30:34][INFO]: 17798 INFO: Processing standard module hook 'hook-PyQt5.QtGui.py' from 'C:\\Users\\Administrator\\PycharmProjects\\PackPython\\.venv\\Lib\\site-packages\\PyInstaller\\hooks'
[2026-08-11 12:31:09][INFO]: 52360 INFO: Processing module hooks (post-graph stage)...
[2026-08-11 12:31:09][INFO]: 52366 WARNING: Hidden import "sip" not found!
[2026-08-11 12:31:09][INFO]: 52418 INFO: Performing binary vs. data reclassification (98 entries)
[2026-08-11 12:31:09][INFO]: 52508 INFO: Looking for ctypes DLLs
[2026-08-11 12:31:09][INFO]: 52527 INFO: Analyzing run-time hooks ...
[2026-08-11 12:31:09][INFO]: 52528 INFO: Including run-time hook 'pyi_rth_inspect.py' from 'C:\\Users\\Administrator\\PycharmProjects\\PackPython\\.venv\\Lib\\site-packages\\PyInstaller\\hooks\\rthooks'
[2026-08-11 12:31:09][INFO]: 52532 INFO: Including run-time hook 'pyi_rth_pyqt5.py' from 'C:\\Users\\Administrator\\PycharmProjects\\PackPython\\.venv\\Lib\\site-packages\\PyInstaller\\hooks\\rthooks'
[2026-08-11 12:31:09][INFO]: 52535 INFO: Processing pre-find-module-path hook 'hook-_pyi_rth_utils.py' from 'C:\\Users\\Administrator\\PycharmProjects\\PackPython\\.venv\\Lib\\site-packages\\PyInstaller\\hooks\\pre_find_module_path'
[2026-08-11 12:31:09][INFO]: 52540 INFO: Processing standard module hook 'hook-_pyi_rth_utils.py' from 'C:\\Users\\Administrator\\PycharmProjects\\PackPython\\.venv\\Lib\\site-packages\\PyInstaller\\hooks'
[2026-08-11 12:31:09][INFO]: 52545 INFO: Including run-time hook 'pyi_rth_pkgutil.py' from 'C:\\Users\\Administrator\\PycharmProjects\\PackPython\\.venv\\Lib\\site-packages\\PyInstaller\\hooks\\rthooks'
[2026-08-11 12:31:09][INFO]: 52560 INFO: Creating base_library.zip...
[2026-08-11 12:31:09][INFO]: 52590 INFO: Looking for dynamic libraries
[2026-08-11 12:31:09][INFO]: 52799 INFO: Extra DLL search directories (AddDllDirectory): ['C:\\Users\\Administrator\\PycharmProjects\\PackPython\\.venv\\Lib\\site-packages\\PyQt5\\Qt5\\bin']
[2026-08-11 12:31:09][INFO]: 52799 INFO: Extra DLL search directories (PATH): []
[2026-08-11 12:31:11][INFO]: 54676 INFO: Warnings written to C:\Users\Administrator\PycharmProjects\PackPython\output\build\my_app\warn-my_app.txt
[2026-08-11 12:31:11][INFO]: 54707 INFO: Graph cross-reference written to C:\Users\Administrator\PycharmProjects\PackPython\output\build\my_app\xref-my_app.html
[2026-08-11 12:31:11][INFO]: 54741 INFO: checking PYZ
[2026-08-11 12:31:11][INFO]: 54741 INFO: Building PYZ because PYZ-00.toc is non existent
[2026-08-11 12:31:11][INFO]: 54741 INFO: Building PYZ (ZlibArchive) C:\Users\Administrator\PycharmProjects\PackPython\output\build\my_app\PYZ-00.pyz
[2026-08-11 12:31:11][INFO]: 54927 INFO: Building PYZ (ZlibArchive) C:\Users\Administrator\PycharmProjects\PackPython\output\build\my_app\PYZ-00.pyz completed successfully.
[2026-08-11 12:31:11][INFO]: 54941 INFO: checking PKG
[2026-08-11 12:31:11][INFO]: 54941 INFO: Building PKG because PKG-00.toc is non existent
[2026-08-11 12:31:11][INFO]: 54941 INFO: Building PKG (CArchive) my_app.pkg
[2026-08-11 12:31:25][INFO]: 68728 INFO: Building PKG (CArchive) my_app.pkg completed successfully.
[2026-08-11 12:31:25][INFO]: 68733 INFO: Bootloader C:\Users\Administrator\PycharmProjects\PackPython\.venv\Lib\site-packages\PyInstaller\bootloader\Windows-64bit-intel\runw.exe
[2026-08-11 12:31:25][INFO]: 68733 INFO: checking EXE
[2026-08-11 12:31:25][INFO]: 68734 INFO: Building EXE because EXE-00.toc is non existent
[2026-08-11 12:31:25][INFO]: 68734 INFO: Building EXE from EXE-00.toc
[2026-08-11 12:31:25][INFO]: 68737 INFO: Copying bootloader EXE to C:\Users\Administrator\PycharmProjects\PackPython\output\my_app.exe
[2026-08-11 12:31:25][INFO]: 68754 INFO: Copying icon to EXE
[2026-08-11 12:31:25][INFO]: 68761 INFO: Copying 0 resources to EXE
[2026-08-11 12:31:25][INFO]: 68761 INFO: Embedding manifest in EXE
[2026-08-11 12:31:25][INFO]: 68770 INFO: Appending PKG archive to EXE
[2026-08-11 12:31:25][INFO]: 68805 INFO: Fixing EXE headers
[2026-08-11 12:31:26][INFO]: 69449 INFO: Building EXE from EXE-00.toc completed successfully.
[2026-08-11 12:31:26][INFO]: 69454 INFO: Build complete! The results are available in: C:\Users\Administrator\PycharmProjects\PackPython\output
[2026-08-11 12:31:26][SUCCESS]: 打包已成功完成，输出目录已生成
[2026-08-11 12:31:26][INFO]: 已复制资源：C:\Users\Administrator\PycharmProjects\PackPython\assets\package.ico -> C:\Users\Administrator\PycharmProjects\PackPython\output\dist\my_app\assets\package.ico
[2026-08-11 12:34:30][INFO]: 资源目录与输出目录已准备就绪
[2026-08-11 12:34:31][INFO]: GUI 主窗口已创建
[2026-08-11 12:35:13][INFO]: 已添加资源: C:\Users\Administrator\PycharmProjects\PackPython\assets\package.ico -> assets
[2026-08-11 12:35:26][INFO]: 已扫描到 1 个 Python 文件
[2026-08-11 12:35:26][INFO]: 已选择项目目录: C:\Users\Administrator\PycharmProjects\PackPython
[2026-08-11 12:35:28][INFO]: 已选择打包文件: [WindowsPath('C:/Users/Administrator/PycharmProjects/PackPython/main.py')]
[2026-08-11 12:35:32][INFO]: 已启动后台打包线程
[2026-08-11 12:35:32][INFO]: 已生成打包命令: C:\Users\Administrator\PycharmProjects\PackPython\.venv\Scripts\python.exe -m PyInstaller --noconfirm --distpath C:\Users\Administrator\PycharmProjects\PackPython\output --workpath C:\Users\Administrator\PycharmProjects\PackPython\output\build --specpath C:\Users\Administrator\PycharmProjects\PackPython\output\spec --windowed --onefile --name my_app --icon C:\Users\Administrator\PycharmProjects\PackPython\assets\package.ico --add-data C:\Users\Administrator\PycharmProjects\PackPython\assets\package.ico;assets C:\Users\Administrator\PycharmProjects\PackPython\main.py
[2026-08-11 12:35:32][INFO]: 开始在项目目录 C:\Users\Administrator\PycharmProjects\PackPython 中执行打包
[2026-08-11 12:35:33][INFO]: 279 INFO: PyInstaller: 6.22.0, contrib hooks: 2026.6
[2026-08-11 12:35:33][INFO]: 279 INFO: Python: 3.13.0
[2026-08-11 12:35:33][INFO]: 336 INFO: Platform: Windows-10-10.0.19045-SP0
[2026-08-11 12:35:33][INFO]: 336 INFO: Python environment: C:\Users\Administrator\PycharmProjects\PackPython\.venv
[2026-08-11 12:35:33][INFO]: 337 INFO: wrote C:\Users\Administrator\PycharmProjects\PackPython\output\spec\my_app.spec
[2026-08-11 12:35:33][INFO]: 348 INFO: Module search paths (PYTHONPATH):
[2026-08-11 12:35:33][INFO]: ['C:\\Users\\Administrator\\PycharmProjects\\PackPython',
[2026-08-11 12:35:33][INFO]:  'C:\\Users\\Administrator\\AppData\\Local\\Programs\\Python\\Python313\\python313.zip',
[2026-08-11 12:35:33][INFO]:  'C:\\Users\\Administrator\\AppData\\Local\\Programs\\Python\\Python313\\DLLs',
[2026-08-11 12:35:33][INFO]:  'C:\\Users\\Administrator\\AppData\\Local\\Programs\\Python\\Python313\\Lib',
[2026-08-11 12:35:33][INFO]:  'C:\\Users\\Administrator\\AppData\\Local\\Programs\\Python\\Python313',
[2026-08-11 12:35:33][INFO]:  'C:\\Users\\Administrator\\PycharmProjects\\PackPython\\.venv',
[2026-08-11 12:35:33][INFO]:  'C:\\Users\\Administrator\\PycharmProjects\\PackPython\\.venv\\Lib\\site-packages',
[2026-08-11 12:35:33][INFO]:  'C:\\Users\\Administrator\\PycharmProjects\\PackPython']
[2026-08-11 12:35:34][INFO]: 880 INFO: Appending 'datas' from .spec
[2026-08-11 12:35:34][INFO]: 881 INFO: checking Analysis
[2026-08-11 12:35:34][INFO]: 885 INFO: Building because _input_datas changed
[2026-08-11 12:35:34][INFO]: 885 INFO: Looking for Python shared library...
[2026-08-11 12:35:34][INFO]: 885 INFO: Using Python shared library: C:\Users\Administrator\AppData\Local\Programs\Python\Python313\python313.dll
[2026-08-11 12:35:34][INFO]: 886 INFO: Running Analysis Analysis-00.toc
[2026-08-11 12:35:34][INFO]: 886 INFO: Target bytecode optimization level: 0
[2026-08-11 12:35:34][INFO]: 886 INFO: Initializing module dependency graph...
[2026-08-11 12:35:34][INFO]: 888 INFO: Initializing module graph hook caches...
[2026-08-11 12:35:34][INFO]: 910 INFO: Analyzing modules for base_library.zip ...
[2026-08-11 12:35:36][INFO]: 3030 INFO: Processing standard module hook 'hook-encodings.py' from 'C:\\Users\\Administrator\\PycharmProjects\\PackPython\\.venv\\Lib\\site-packages\\PyInstaller\\hooks'
[2026-08-11 12:35:36][INFO]: 3707 INFO: Processing standard module hook 'hook-math.py' from 'C:\\Users\\Administrator\\PycharmProjects\\PackPython\\.venv\\Lib\\site-packages\\PyInstaller\\hooks'
[2026-08-11 12:35:38][INFO]: 5254 INFO: Processing standard module hook 'hook-pickle.py' from 'C:\\Users\\Administrator\\PycharmProjects\\PackPython\\.venv\\Lib\\site-packages\\PyInstaller\\hooks'
[2026-08-11 12:35:39][INFO]: 6602 INFO: Processing standard module hook 'hook-heapq.py' from 'C:\\Users\\Administrator\\PycharmProjects\\PackPython\\.venv\\Lib\\site-packages\\PyInstaller\\hooks'
[2026-08-11 12:35:40][INFO]: 7247 INFO: Caching module dependency graph...
[2026-08-11 12:35:40][INFO]: 7291 INFO: Analyzing C:\Users\Administrator\PycharmProjects\PackPython\main.py
[2026-08-11 12:35:40][INFO]: 7362 INFO: Processing standard module hook 'hook-_ctypes.py' from 'C:\\Users\\Administrator\\PycharmProjects\\PackPython\\.venv\\Lib\\site-packages\\PyInstaller\\hooks'
[2026-08-11 12:35:40][INFO]: 7371 INFO: Processing standard module hook 'hook-PyQt5.py' from 'C:\\Users\\Administrator\\PycharmProjects\\PackPython\\.venv\\Lib\\site-packages\\PyInstaller\\hooks'
[2026-08-11 12:35:41][INFO]: 8324 INFO: Processing standard module hook 'hook-PyQt5.QtCore.py' from 'C:\\Users\\Administrator\\PycharmProjects\\PackPython\\.venv\\Lib\\site-packages\\PyInstaller\\hooks'
[2026-08-11 12:35:44][INFO]: 11495 INFO: Processing standard module hook 'hook-PyQt5.QtWidgets.py' from 'C:\\Users\\Administrator\\PycharmProjects\\PackPython\\.venv\\Lib\\site-packages\\PyInstaller\\hooks'
[2026-08-11 12:35:49][INFO]: 16698 INFO: Processing standard module hook 'hook-PyQt5.QtGui.py' from 'C:\\Users\\Administrator\\PycharmProjects\\PackPython\\.venv\\Lib\\site-packages\\PyInstaller\\hooks'
[2026-08-11 12:36:21][INFO]: 48312 INFO: Processing module hooks (post-graph stage)...
[2026-08-11 12:36:21][INFO]: 48317 WARNING: Hidden import "sip" not found!
[2026-08-11 12:36:21][INFO]: 48365 INFO: Performing binary vs. data reclassification (98 entries)
[2026-08-11 12:36:21][INFO]: 48416 INFO: Looking for ctypes DLLs
[2026-08-11 12:36:21][INFO]: 48436 INFO: Analyzing run-time hooks ...
[2026-08-11 12:36:21][INFO]: 48437 INFO: Including run-time hook 'pyi_rth_inspect.py' from 'C:\\Users\\Administrator\\PycharmProjects\\PackPython\\.venv\\Lib\\site-packages\\PyInstaller\\hooks\\rthooks'
[2026-08-11 12:36:21][INFO]: 48441 INFO: Including run-time hook 'pyi_rth_pyqt5.py' from 'C:\\Users\\Administrator\\PycharmProjects\\PackPython\\.venv\\Lib\\site-packages\\PyInstaller\\hooks\\rthooks'
[2026-08-11 12:36:21][INFO]: 48444 INFO: Processing pre-find-module-path hook 'hook-_pyi_rth_utils.py' from 'C:\\Users\\Administrator\\PycharmProjects\\PackPython\\.venv\\Lib\\site-packages\\PyInstaller\\hooks\\pre_find_module_path'
[2026-08-11 12:36:21][INFO]: 48448 INFO: Processing standard module hook 'hook-_pyi_rth_utils.py' from 'C:\\Users\\Administrator\\PycharmProjects\\PackPython\\.venv\\Lib\\site-packages\\PyInstaller\\hooks'
[2026-08-11 12:36:21][INFO]: 48454 INFO: Including run-time hook 'pyi_rth_pkgutil.py' from 'C:\\Users\\Administrator\\PycharmProjects\\PackPython\\.venv\\Lib\\site-packages\\PyInstaller\\hooks\\rthooks'
[2026-08-11 12:36:21][INFO]: 48465 INFO: Creating base_library.zip...
[2026-08-11 12:36:21][INFO]: 48495 INFO: Looking for dynamic libraries
[2026-08-11 12:36:21][INFO]: 48724 INFO: Extra DLL search directories (AddDllDirectory): ['C:\\Users\\Administrator\\PycharmProjects\\PackPython\\.venv\\Lib\\site-packages\\PyQt5\\Qt5\\bin']
[2026-08-11 12:36:21][INFO]: 48724 INFO: Extra DLL search directories (PATH): []
[2026-08-11 12:36:23][INFO]: 50308 INFO: Warnings written to C:\Users\Administrator\PycharmProjects\PackPython\output\build\my_app\warn-my_app.txt
[2026-08-11 12:36:23][INFO]: 50327 INFO: Graph cross-reference written to C:\Users\Administrator\PycharmProjects\PackPython\output\build\my_app\xref-my_app.html
[2026-08-11 12:36:23][INFO]: 50349 INFO: checking PYZ
[2026-08-11 12:36:23][INFO]: 50374 INFO: checking PKG
[2026-08-11 12:36:23][INFO]: 50376 INFO: Building because toc changed
[2026-08-11 12:36:23][INFO]: 50376 INFO: Building PKG (CArchive) my_app.pkg
[2026-08-11 12:36:35][INFO]: 62034 INFO: Building PKG (CArchive) my_app.pkg completed successfully.
[2026-08-11 12:36:35][INFO]: 62041 INFO: Bootloader C:\Users\Administrator\PycharmProjects\PackPython\.venv\Lib\site-packages\PyInstaller\bootloader\Windows-64bit-intel\runw.exe
[2026-08-11 12:36:35][INFO]: 62041 INFO: checking EXE
[2026-08-11 12:36:35][INFO]: 62044 INFO: Building because toc changed
[2026-08-11 12:36:35][INFO]: 62044 INFO: Building EXE from EXE-00.toc
[2026-08-11 12:36:35][INFO]: 62051 INFO: Copying bootloader EXE to C:\Users\Administrator\PycharmProjects\PackPython\output\my_app.exe
[2026-08-11 12:36:35][INFO]: 62066 INFO: Copying icon to EXE
[2026-08-11 12:36:35][INFO]: 62075 INFO: Copying 0 resources to EXE
[2026-08-11 12:36:35][INFO]: 62075 INFO: Embedding manifest in EXE
[2026-08-11 12:36:35][INFO]: 62082 INFO: Appending PKG archive to EXE
[2026-08-11 12:36:35][INFO]: 62130 INFO: Fixing EXE headers
[2026-08-11 12:36:35][INFO]: 62465 INFO: Building EXE from EXE-00.toc completed successfully.
[2026-08-11 12:36:35][INFO]: 62471 INFO: Build complete! The results are available in: C:\Users\Administrator\PycharmProjects\PackPython\output
[2026-08-11 12:36:35][SUCCESS]: 打包已成功完成，输出目录已生成
[2026-08-11 12:36:35][INFO]: 已复制资源：C:\Users\Administrator\PycharmProjects\PackPython\assets\package.ico -> C:\Users\Administrator\PycharmProjects\PackPython\output\dist\my_app\assets
[2026-08-12 16:56:40][INFO]: 资源目录与输出目录已准备就绪
[2026-08-12 16:56:41][INFO]: GUI 主窗口已创建
[2026-08-13 13:36:15][INFO]: 资源目录与输出目录已准备就绪
[2026-08-13 13:57:44][INFO]: 资源目录与输出目录已准备就绪
[2026-08-13 13:57:45][INFO]: GUI 主窗口已创建
[2026-08-13 13:58:06][INFO]: 已扫描到 1 个 Python 文件
[2026-08-13 13:58:06][INFO]: 已读取 .package 配置文件: C:\Users\Administrator\PycharmProjects\PackPython\.package
[2026-08-13 13:58:06][INFO]: 已根据 .package 中的 path 设定项目目录: C:\Users\Administrator\PycharmProjects\PackPython
[2026-08-13 13:58:06][INFO]: 已扫描到 1 个 Python 文件
[2026-08-13 13:58:06][INFO]: 已从 .package 自动选择打包文件: ['C:\\Users\\Administrator\\PycharmProjects\\PackPython\\main.py']
[2026-08-13 13:58:06][INFO]: 已从 .package 自动添加资源: [('C:\\Users\\Administrator\\PycharmProjects\\PackPython\\assets\\package.ico', 'assets')]
[2026-08-13 13:58:06][INFO]: 已根据 .package 中的 ico_path 配置图标: C:\Users\Administrator\PycharmProjects\PackPython\assets\package.ico
[2026-08-13 13:58:06][INFO]: 已根据 .package 中的 setting 参数更新打包设置: 1,1,1
[2026-08-13 13:58:06][INFO]: 已选择项目目录: C:\Users\Administrator\PycharmProjects\PackPython
[2026-08-13 14:30:46][INFO]: 已启动后台打包线程
[2026-08-13 14:30:46][INFO]: 已生成打包命令: C:\Users\Administrator\PycharmProjects\PackPython\.venv\Scripts\python.exe -m PyInstaller --noconfirm --distpath D:\output --workpath D:\output\build --specpath D:\output\spec --log-level WARN --noupx --noarchive --clean --windowed --onefile --name my_app --icon C:\Users\Administrator\PycharmProjects\PackPython\assets\package.ico --add-data C:\Users\Administrator\PycharmProjects\PackPython\assets\package.ico;assets C:\Users\Administrator\PycharmProjects\PackPython\main.py
[2026-08-13 14:30:46][INFO]: 开始在项目目录 C:\Users\Administrator\PycharmProjects\PackPython 中执行打包
[2026-08-13 14:30:47][INFO]: usage: pyinstaller [-h] [-v] [-D] [-F] [--specpath DIR] [-n NAME]
[2026-08-13 14:30:47][INFO]:                    [--contents-directory CONTENTS_DIRECTORY]
[2026-08-13 14:30:47][INFO]:                    [--add-data SOURCE:DEST] [--add-binary SOURCE:DEST]
[2026-08-13 14:30:47][INFO]:                    [-p DIR] [--hidden-import MODULENAME]
[2026-08-13 14:30:47][INFO]:                    [--collect-submodules MODULENAME]
[2026-08-13 14:30:47][INFO]:                    [--collect-data MODULENAME] [--collect-binaries MODULENAME]
[2026-08-13 14:30:47][INFO]:                    [--collect-all MODULENAME] [--copy-metadata PACKAGENAME]
[2026-08-13 14:30:47][INFO]:                    [--recursive-copy-metadata PACKAGENAME]
[2026-08-13 14:30:47][INFO]:                    [--additional-hooks-dir HOOKSPATH]
[2026-08-13 14:30:47][INFO]:                    [--runtime-hook RUNTIME_HOOKS] [--exclude-module EXCLUDES]
[2026-08-13 14:30:47][INFO]:                    [--splash IMAGE_FILE]
[2026-08-13 14:30:47][INFO]:                    [--splash-center {active,primary,default,virtual}]
[2026-08-13 14:30:47][INFO]:                    [-d {all,imports,bootloader,noarchive}] [--optimize LEVEL]
[2026-08-13 14:30:47][INFO]:                    [--python-option PYTHON_OPTION] [-s] [--noupx]
[2026-08-13 14:30:47][INFO]:                    [--upx-exclude FILE] [-c] [-w]
[2026-08-13 14:30:47][INFO]:                    [--hide-console {hide-early,hide-late,minimize-early,minimize-late}]
[2026-08-13 14:30:47][INFO]:                    [-i <FILE.ico or FILE.exe,ID or FILE.icns or Image or "NONE">]
[2026-08-13 14:30:47][INFO]:                    [--disable-windowed-traceback] [--version-file FILE]
[2026-08-13 14:30:47][INFO]:                    [--manifest <FILE or XML>] [-m <FILE or XML>] [-r RESOURCE]
[2026-08-13 14:30:47][INFO]:                    [--uac-admin] [--uac-uiaccess] [--argv-emulation]
[2026-08-13 14:30:47][INFO]:                    [--osx-bundle-identifier BUNDLE_IDENTIFIER]
[2026-08-13 14:30:47][INFO]:                    [--target-architecture ARCH] [--codesign-identity IDENTITY]
[2026-08-13 14:30:47][INFO]:                    [--osx-entitlements-file FILENAME] [--runtime-tmpdir PATH]
[2026-08-13 14:30:47][INFO]:                    [--bootloader-ignore-signals] [--distpath DIR]
[2026-08-13 14:30:47][INFO]:                    [--workpath WORKPATH] [-y] [--upx-dir UPX_DIR] [--clean]
[2026-08-13 14:30:47][INFO]:                    [--log-level LEVEL]
[2026-08-13 14:30:47][INFO]:                    scriptname [scriptname ...]
[2026-08-13 14:30:47][INFO]: pyinstaller: error: unrecognized arguments: --noarchive
[2026-08-13 14:30:47][ERROR]: 打包失败: usage: pyinstaller [-h] [-v] [-D] [-F] [--specpath DIR] [-n NAME]
                   [--contents-directory CONTENTS_DIRECTORY]
                   [--add-data SOURCE:DEST] [--add-binary SOURCE:DEST]
                   [-p DIR] [--hidden-import MODULENAME]
                   [--collect-submodules MODULENAME]
                   [--collect-data MODULENAME] [--collect-binaries MODULENAME]
                   [--collect-all MODULENAME] [--copy-metadata PACKAGENAME]
                   [--recursive-copy-metadata PACKAGENAME]
                   [--additional-hooks-dir HOOKSPATH]
                   [--runtime-hook RUNTIME_HOOKS] [--exclude-module EXCLUDES]
                   [--splash IMAGE_FILE]
                   [--splash-center {active,primary,default,virtual}]
                   [-d {all,imports,bootloader,noarchive}] [--optimize LEVEL]
                   [--python-option PYTHON_OPTION] [-s] [--noupx]
                   [--upx-exclude FILE] [-c] [-w]
                   [--hide-console {hide-early,hide-late,minimize-early,minimize-late}]
                   [-i <FILE.ico or FILE.exe,ID or FILE.icns or Image or "NONE">]
                   [--disable-windowed-traceback] [--version-file FILE]
                   [--manifest <FILE or XML>] [-m <FILE or XML>] [-r RESOURCE]
                   [--uac-admin] [--uac-uiaccess] [--argv-emulation]
                   [--osx-bundle-identifier BUNDLE_IDENTIFIER]
                   [--target-architecture ARCH] [--codesign-identity IDENTITY]
                   [--osx-entitlements-file FILENAME] [--runtime-tmpdir PATH]
                   [--bootloader-ignore-signals] [--distpath DIR]
                   [--workpath WORKPATH] [-y] [--upx-dir UPX_DIR] [--clean]
                   [--log-level LEVEL]
                   scriptname [scriptname ...]
pyinstaller: error: unrecognized arguments: --noarchive
[2026-08-14 08:27:11][INFO]: 资源目录与输出目录已准备就绪
[2026-08-14 08:27:12][INFO]: GUI 主窗口已创建
[2026-08-14 08:27:18][INFO]: 已扫描到 1 个 Python 文件
[2026-08-14 08:27:18][INFO]: 未发现项目配置文件 .package，路径为: C:\Users\Administrator\PycharmProjects\Kill_WPS\.package
[2026-08-14 08:27:18][INFO]: 已选择项目目录: C:\Users\Administrator\PycharmProjects\Kill_WPS
[2026-08-14 08:27:21][INFO]: 已选择打包文件: [WindowsPath('C:/Users/Administrator/PycharmProjects/Kill_WPS/main.py')]
[2026-08-14 08:27:31][INFO]: 已启动后台打包线程
[2026-08-14 08:27:31][INFO]: 已生成打包命令: C:\Users\Administrator\PycharmProjects\PackPython\.venv\Scripts\python.exe -m PyInstaller --noconfirm --distpath D:\output --workpath D:\output\build --specpath D:\output\spec --onedir --name kill_wps --icon C:\Users\Administrator\PycharmProjects\PackPython\assets\package.ico C:\Users\Administrator\PycharmProjects\Kill_WPS\main.py
[2026-08-14 08:27:31][INFO]: 开始在项目目录 C:\Users\Administrator\PycharmProjects\Kill_WPS 中执行打包
[2026-08-14 08:27:32][INFO]: 318 INFO: PyInstaller: 6.22.0, contrib hooks: 2026.6
[2026-08-14 08:27:32][INFO]: 318 INFO: Python: 3.13.0
[2026-08-14 08:27:32][INFO]: 373 INFO: Platform: Windows-10-10.0.19045-SP0
[2026-08-14 08:27:32][INFO]: 373 INFO: Python environment: C:\Users\Administrator\PycharmProjects\PackPython\.venv
[2026-08-14 08:27:32][INFO]: 375 INFO: wrote D:\output\spec\kill_wps.spec
[2026-08-14 08:27:32][INFO]: 385 INFO: Module search paths (PYTHONPATH):
[2026-08-14 08:27:32][INFO]: ['C:\\Users\\Administrator\\PycharmProjects\\Kill_WPS',
[2026-08-14 08:27:32][INFO]:  'C:\\Users\\Administrator\\AppData\\Local\\Programs\\Python\\Python313\\python313.zip',
[2026-08-14 08:27:32][INFO]:  'C:\\Users\\Administrator\\AppData\\Local\\Programs\\Python\\Python313\\DLLs',
[2026-08-14 08:27:32][INFO]:  'C:\\Users\\Administrator\\AppData\\Local\\Programs\\Python\\Python313\\Lib',
[2026-08-14 08:27:32][INFO]:  'C:\\Users\\Administrator\\AppData\\Local\\Programs\\Python\\Python313',
[2026-08-14 08:27:32][INFO]:  'C:\\Users\\Administrator\\PycharmProjects\\PackPython\\.venv',
[2026-08-14 08:27:32][INFO]:  'C:\\Users\\Administrator\\PycharmProjects\\PackPython\\.venv\\Lib\\site-packages',
[2026-08-14 08:27:32][INFO]:  'C:\\Users\\Administrator\\PycharmProjects\\Kill_WPS']
[2026-08-14 08:27:32][INFO]: 892 INFO: checking Analysis
[2026-08-14 08:27:32][INFO]: 892 INFO: Building Analysis because Analysis-00.toc is non existent
[2026-08-14 08:27:32][INFO]: 892 INFO: Looking for Python shared library...
[2026-08-14 08:27:32][INFO]: 892 INFO: Using Python shared library: C:\Users\Administrator\AppData\Local\Programs\Python\Python313\python313.dll
[2026-08-14 08:27:32][INFO]: 892 INFO: Running Analysis Analysis-00.toc
[2026-08-14 08:27:32][INFO]: 892 INFO: Target bytecode optimization level: 0
[2026-08-14 08:27:32][INFO]: 892 INFO: Initializing module dependency graph...
[2026-08-14 08:27:32][INFO]: 895 INFO: Initializing module graph hook caches...
[2026-08-14 08:27:32][INFO]: 918 INFO: Analyzing modules for base_library.zip ...
[2026-08-14 08:27:34][INFO]: 2693 INFO: Processing standard module hook 'hook-heapq.py' from 'C:\\Users\\Administrator\\PycharmProjects\\PackPython\\.venv\\Lib\\site-packages\\PyInstaller\\hooks'
[2026-08-14 08:27:34][INFO]: 2823 INFO: Processing standard module hook 'hook-encodings.py' from 'C:\\Users\\Administrator\\PycharmProjects\\PackPython\\.venv\\Lib\\site-packages\\PyInstaller\\hooks'
[2026-08-14 08:27:35][INFO]: 3705 INFO: Processing standard module hook 'hook-math.py' from 'C:\\Users\\Administrator\\PycharmProjects\\PackPython\\.venv\\Lib\\site-packages\\PyInstaller\\hooks'
[2026-08-14 08:27:37][INFO]: 5448 INFO: Processing standard module hook 'hook-pickle.py' from 'C:\\Users\\Administrator\\PycharmProjects\\PackPython\\.venv\\Lib\\site-packages\\PyInstaller\\hooks'
[2026-08-14 08:27:39][INFO]: 7304 INFO: Caching module dependency graph...
[2026-08-14 08:27:39][INFO]: 7346 INFO: Analyzing C:\Users\Administrator\PycharmProjects\Kill_WPS\main.py
[2026-08-14 08:27:39][INFO]: 7375 INFO: Processing standard module hook 'hook-_ctypes.py' from 'C:\\Users\\Administrator\\PycharmProjects\\PackPython\\.venv\\Lib\\site-packages\\PyInstaller\\hooks'
[2026-08-14 08:27:39][INFO]: 7383 INFO: Processing module hooks (post-graph stage)...
[2026-08-14 08:27:39][INFO]: 7388 INFO: Performing binary vs. data reclassification (1 entries)
[2026-08-14 08:27:39][INFO]: 7391 INFO: Looking for ctypes DLLs
[2026-08-14 08:27:39][INFO]: 7398 INFO: Analyzing run-time hooks ...
[2026-08-14 08:27:39][INFO]: 7399 INFO: Including run-time hook 'pyi_rth_inspect.py' from 'C:\\Users\\Administrator\\PycharmProjects\\PackPython\\.venv\\Lib\\site-packages\\PyInstaller\\hooks\\rthooks'
[2026-08-14 08:27:39][INFO]: 7407 INFO: Creating base_library.zip...
[2026-08-14 08:27:39][INFO]: 7436 INFO: Looking for dynamic libraries
[2026-08-14 08:27:39][INFO]: 7637 INFO: Extra DLL search directories (AddDllDirectory): []
[2026-08-14 08:27:39][INFO]: 7637 INFO: Extra DLL search directories (PATH): []
[2026-08-14 08:27:39][INFO]: 8102 INFO: Warnings written to D:\output\build\kill_wps\warn-kill_wps.txt
[2026-08-14 08:27:39][INFO]: 8121 INFO: Graph cross-reference written to D:\output\build\kill_wps\xref-kill_wps.html
[2026-08-14 08:27:39][INFO]: 8145 INFO: checking PYZ
[2026-08-14 08:27:39][INFO]: 8145 INFO: Building PYZ because PYZ-00.toc is non existent
[2026-08-14 08:27:39][INFO]: 8145 INFO: Building PYZ (ZlibArchive) D:\output\build\kill_wps\PYZ-00.pyz
[2026-08-14 08:27:40][INFO]: 8304 INFO: Building PYZ (ZlibArchive) D:\output\build\kill_wps\PYZ-00.pyz completed successfully.
[2026-08-14 08:27:40][INFO]: 8312 INFO: checking PKG
[2026-08-14 08:27:40][INFO]: 8312 INFO: Building PKG because PKG-00.toc is non existent
[2026-08-14 08:27:40][INFO]: 8312 INFO: Building PKG (CArchive) kill_wps.pkg
[2026-08-14 08:27:40][INFO]: 8331 INFO: Building PKG (CArchive) kill_wps.pkg completed successfully.
[2026-08-14 08:27:40][INFO]: 8332 INFO: Bootloader C:\Users\Administrator\PycharmProjects\PackPython\.venv\Lib\site-packages\PyInstaller\bootloader\Windows-64bit-intel\run.exe
[2026-08-14 08:27:40][INFO]: 8332 INFO: checking EXE
[2026-08-14 08:27:40][INFO]: 8332 INFO: Building EXE because EXE-00.toc is non existent
[2026-08-14 08:27:40][INFO]: 8332 INFO: Building EXE from EXE-00.toc
[2026-08-14 08:27:40][INFO]: 8333 INFO: Copying bootloader EXE to D:\output\build\kill_wps\kill_wps.exe
[2026-08-14 08:27:40][INFO]: 8341 INFO: Copying icon to EXE
[2026-08-14 08:27:40][INFO]: 8346 INFO: Copying 0 resources to EXE
[2026-08-14 08:27:40][INFO]: 8346 INFO: Embedding manifest in EXE
[2026-08-14 08:27:40][INFO]: 8351 INFO: Appending PKG archive to EXE
[2026-08-14 08:27:40][INFO]: 8354 INFO: Fixing EXE headers
[2026-08-14 08:27:40][INFO]: 8423 INFO: Building EXE from EXE-00.toc completed successfully.
[2026-08-14 08:27:40][INFO]: 8425 INFO: checking COLLECT
[2026-08-14 08:27:40][INFO]: 8426 INFO: Building COLLECT because COLLECT-00.toc is non existent
[2026-08-14 08:27:40][INFO]: 8426 INFO: Building COLLECT COLLECT-00.toc
[2026-08-14 08:27:40][INFO]: 8578 INFO: Building COLLECT COLLECT-00.toc completed successfully.
[2026-08-14 08:27:40][INFO]: 8580 INFO: Build complete! The results are available in: D:\output
[2026-08-14 08:27:40][SUCCESS]: 打包已成功完成，输出目录已生成
[2026-08-14 08:27:50][INFO]: 已启动后台打包线程
[2026-08-14 08:27:50][INFO]: 已生成打包命令: C:\Users\Administrator\PycharmProjects\PackPython\.venv\Scripts\python.exe -m PyInstaller --noconfirm --distpath D:\output --workpath D:\output\build --specpath D:\output\spec --onefile --name kill_wps --icon C:\Users\Administrator\PycharmProjects\PackPython\assets\package.ico C:\Users\Administrator\PycharmProjects\Kill_WPS\main.py
[2026-08-14 08:27:50][INFO]: 开始在项目目录 C:\Users\Administrator\PycharmProjects\Kill_WPS 中执行打包
[2026-08-14 08:27:51][INFO]: 264 INFO: PyInstaller: 6.22.0, contrib hooks: 2026.6
[2026-08-14 08:27:51][INFO]: 264 INFO: Python: 3.13.0
[2026-08-14 08:27:51][INFO]: 321 INFO: Platform: Windows-10-10.0.19045-SP0
[2026-08-14 08:27:51][INFO]: 321 INFO: Python environment: C:\Users\Administrator\PycharmProjects\PackPython\.venv
[2026-08-14 08:27:51][INFO]: 323 INFO: wrote D:\output\spec\kill_wps.spec
[2026-08-14 08:27:51][INFO]: 332 INFO: Module search paths (PYTHONPATH):
[2026-08-14 08:27:51][INFO]: ['C:\\Users\\Administrator\\PycharmProjects\\Kill_WPS',
[2026-08-14 08:27:51][INFO]:  'C:\\Users\\Administrator\\AppData\\Local\\Programs\\Python\\Python313\\python313.zip',
[2026-08-14 08:27:51][INFO]:  'C:\\Users\\Administrator\\AppData\\Local\\Programs\\Python\\Python313\\DLLs',
[2026-08-14 08:27:51][INFO]:  'C:\\Users\\Administrator\\AppData\\Local\\Programs\\Python\\Python313\\Lib',
[2026-08-14 08:27:51][INFO]:  'C:\\Users\\Administrator\\AppData\\Local\\Programs\\Python\\Python313',
[2026-08-14 08:27:51][INFO]:  'C:\\Users\\Administrator\\PycharmProjects\\PackPython\\.venv',
[2026-08-14 08:27:51][INFO]:  'C:\\Users\\Administrator\\PycharmProjects\\PackPython\\.venv\\Lib\\site-packages',
[2026-08-14 08:27:51][INFO]:  'C:\\Users\\Administrator\\PycharmProjects\\Kill_WPS']
[2026-08-14 08:27:52][INFO]: 864 INFO: checking Analysis
[2026-08-14 08:27:52][INFO]: 921 INFO: checking PYZ
[2026-08-14 08:27:52][INFO]: 941 INFO: checking PKG
[2026-08-14 08:27:52][INFO]: 942 INFO: Building because toc changed
[2026-08-14 08:27:52][INFO]: 942 INFO: Building PKG (CArchive) kill_wps.pkg
[2026-08-14 08:27:54][INFO]: 2915 INFO: Building PKG (CArchive) kill_wps.pkg completed successfully.
[2026-08-14 08:27:54][INFO]: 2917 INFO: Bootloader C:\Users\Administrator\PycharmProjects\PackPython\.venv\Lib\site-packages\PyInstaller\bootloader\Windows-64bit-intel\run.exe
[2026-08-14 08:27:54][INFO]: 2917 INFO: checking EXE
[2026-08-14 08:27:54][INFO]: 2918 INFO: Rebuilding EXE-00.toc because kill_wps.exe missing
[2026-08-14 08:27:54][INFO]: 2918 INFO: Building EXE from EXE-00.toc
[2026-08-14 08:27:54][INFO]: 2919 INFO: Copying bootloader EXE to D:\output\kill_wps.exe
[2026-08-14 08:27:54][INFO]: 2925 INFO: Copying icon to EXE
[2026-08-14 08:27:54][INFO]: 2930 INFO: Copying 0 resources to EXE
[2026-08-14 08:27:54][INFO]: 2930 INFO: Embedding manifest in EXE
[2026-08-14 08:27:54][INFO]: 2934 INFO: Appending PKG archive to EXE
[2026-08-14 08:27:54][INFO]: 2942 INFO: Fixing EXE headers
[2026-08-14 08:27:54][INFO]: 3046 INFO: Building EXE from EXE-00.toc completed successfully.
[2026-08-14 08:27:54][INFO]: 3048 INFO: Build complete! The results are available in: D:\output
[2026-08-14 08:27:54][SUCCESS]: 打包已成功完成，输出目录已生成
[2026-08-14 08:38:11][INFO]: 资源目录与输出目录已准备就绪
[2026-08-14 08:38:11][INFO]: GUI 主窗口已创建
[2026-08-14 08:39:36][INFO]: 资源目录与输出目录已准备就绪
[2026-08-14 08:39:37][INFO]: GUI 主窗口已创建
[2026-08-14 08:39:49][INFO]: 已扫描到 1 个 Python 文件
[2026-08-14 08:39:49][INFO]: 未发现项目配置文件 .package，路径为: C:\Users\Administrator\PycharmProjects\Kill_WPS\.package
[2026-08-14 08:39:49][INFO]: 已选择项目目录: C:\Users\Administrator\PycharmProjects\Kill_WPS
[2026-08-14 08:39:53][INFO]: 已选择打包文件: [WindowsPath('C:/Users/Administrator/PycharmProjects/Kill_WPS/main.py')]
[2026-08-14 08:40:09][INFO]: 已启动后台打包线程
[2026-08-14 08:40:09][INFO]: 已生成打包命令: C:\Users\Administrator\PycharmProjects\PackPython\.venv\Scripts\python.exe -m PyInstaller --noconfirm --distpath D:\output --workpath D:\output\build --specpath D:\output\spec --log-level WARN --noupx --clean --optimize 2 --onefile --name Kill_WPS --icon C:\Users\Administrator\PycharmProjects\PackPython\assets\package.ico C:\Users\Administrator\PycharmProjects\Kill_WPS\main.py
[2026-08-14 08:40:09][INFO]: 开始在项目目录 C:\Users\Administrator\PycharmProjects\Kill_WPS 中执行打包
[2026-08-14 08:40:09][INFO]: 279 INFO: PyInstaller: 6.22.0, contrib hooks: 2026.6
[2026-08-14 08:40:09][INFO]: 279 INFO: Python: 3.13.0
[2026-08-14 08:40:09][INFO]: 337 INFO: Platform: Windows-10-10.0.19045-SP0
[2026-08-14 08:40:09][INFO]: 337 INFO: Python environment: C:\Users\Administrator\PycharmProjects\PackPython\.venv
[2026-08-14 08:40:09][INFO]: 338 INFO: wrote D:\output\spec\Kill_WPS.spec
[2026-08-14 08:40:20][SUCCESS]: 打包已成功完成，输出目录已生成
[2026-08-14 08:40:42][INFO]: 已启动后台打包线程
[2026-08-14 08:40:42][INFO]: 已生成打包命令: C:\Users\Administrator\PycharmProjects\PackPython\.venv\Scripts\python.exe -m PyInstaller --noconfirm --distpath D:\output --workpath D:\output\build --specpath D:\output\spec --log-level WARN --noupx --clean --optimize 2 --onefile --name Kill_WPS --icon C:\Users\Administrator\PycharmProjects\PackPython\assets\package.ico C:\Users\Administrator\PycharmProjects\Kill_WPS\main.py
[2026-08-14 08:40:42][INFO]: 开始在项目目录 C:\Users\Administrator\PycharmProjects\Kill_WPS 中执行打包
[2026-08-14 08:40:43][INFO]: 268 INFO: PyInstaller: 6.22.0, contrib hooks: 2026.6
[2026-08-14 08:40:43][INFO]: 269 INFO: Python: 3.13.0
[2026-08-14 08:40:43][INFO]: 323 INFO: Platform: Windows-10-10.0.19045-SP0
[2026-08-14 08:40:43][INFO]: 323 INFO: Python environment: C:\Users\Administrator\PycharmProjects\PackPython\.venv
[2026-08-14 08:40:43][INFO]: 326 INFO: wrote D:\output\spec\Kill_WPS.spec
[2026-08-14 08:40:54][SUCCESS]: 打包已成功完成，输出目录已生成
[2026-08-14 09:03:07][INFO]: 资源目录与输出目录已准备就绪
[2026-08-14 09:03:07][INFO]: GUI 主窗口已创建
[2026-08-14 09:03:13][INFO]: 已扫描到 1 个 Python 文件
[2026-08-14 09:03:13][INFO]: 已读取 .package 配置文件: C:\Users\Administrator\PycharmProjects\PackPython\.package
[2026-08-14 09:03:13][INFO]: 已根据 .package 中的 path 设定项目目录: C:\Users\Administrator\PycharmProjects\PackPython
[2026-08-14 09:03:14][INFO]: 已扫描到 1 个 Python 文件
[2026-08-14 09:03:14][INFO]: 已从 .package 自动选择打包文件: ['C:\\Users\\Administrator\\PycharmProjects\\PackPython\\main.py']
[2026-08-14 09:03:14][INFO]: 已从 .package 自动添加资源: [('C:\\Users\\Administrator\\PycharmProjects\\PackPython\\assets\\package.ico', 'assets')]
[2026-08-14 09:03:14][INFO]: 已根据 .package 中的 ico_path 配置图标: C:\Users\Administrator\PycharmProjects\PackPython\assets\package.ico
[2026-08-14 09:03:14][INFO]: 已根据 .package 中的 setting 参数更新打包设置: 1,0,1
[2026-08-14 09:03:14][INFO]: 已选择项目目录: C:\Users\Administrator\PycharmProjects\PackPython
[2026-08-14 09:03:27][INFO]: 已启动后台打包线程
[2026-08-14 09:03:27][INFO]: 已生成打包命令: C:\Users\Administrator\PycharmProjects\PackPython\.venv\Scripts\python.exe -m PyInstaller --noconfirm --distpath D:\output --workpath D:\output\build --specpath D:\output\spec --windowed --onefile --name PackPython --icon C:\Users\Administrator\PycharmProjects\PackPython\assets\package.ico --add-data C:\Users\Administrator\PycharmProjects\PackPython\assets\package.ico;assets C:\Users\Administrator\PycharmProjects\PackPython\main.py
[2026-08-14 09:03:27][INFO]: 开始在项目目录 C:\Users\Administrator\PycharmProjects\PackPython 中执行打包
[2026-08-14 09:03:27][INFO]: 280 INFO: PyInstaller: 6.22.0, contrib hooks: 2026.6
[2026-08-14 09:03:27][INFO]: 281 INFO: Python: 3.13.0
[2026-08-14 09:03:27][INFO]: 338 INFO: Platform: Windows-10-10.0.19045-SP0
[2026-08-14 09:03:27][INFO]: 338 INFO: Python environment: C:\Users\Administrator\PycharmProjects\PackPython\.venv
[2026-08-14 09:03:27][INFO]: 340 INFO: wrote D:\output\spec\PackPython.spec
[2026-08-14 09:03:27][INFO]: 350 INFO: Module search paths (PYTHONPATH):
[2026-08-14 09:03:27][INFO]: ['C:\\Users\\Administrator\\PycharmProjects\\PackPython',
[2026-08-14 09:03:27][INFO]:  'C:\\Users\\Administrator\\AppData\\Local\\Programs\\Python\\Python313\\python313.zip',
[2026-08-14 09:03:27][INFO]:  'C:\\Users\\Administrator\\AppData\\Local\\Programs\\Python\\Python313\\DLLs',
[2026-08-14 09:03:27][INFO]:  'C:\\Users\\Administrator\\AppData\\Local\\Programs\\Python\\Python313\\Lib',
[2026-08-14 09:03:27][INFO]:  'C:\\Users\\Administrator\\AppData\\Local\\Programs\\Python\\Python313',
[2026-08-14 09:03:27][INFO]:  'C:\\Users\\Administrator\\PycharmProjects\\PackPython\\.venv',
[2026-08-14 09:03:27][INFO]:  'C:\\Users\\Administrator\\PycharmProjects\\PackPython\\.venv\\Lib\\site-packages',
[2026-08-14 09:03:27][INFO]:  'C:\\Users\\Administrator\\PycharmProjects\\PackPython']
[2026-08-14 09:03:28][INFO]: 912 INFO: Appending 'datas' from .spec
[2026-08-14 09:03:28][INFO]: 913 INFO: checking Analysis
[2026-08-14 09:03:28][INFO]: 913 INFO: Building Analysis because Analysis-00.toc is non existent
[2026-08-14 09:03:28][INFO]: 913 INFO: Looking for Python shared library...
[2026-08-14 09:03:28][INFO]: 913 INFO: Using Python shared library: C:\Users\Administrator\AppData\Local\Programs\Python\Python313\python313.dll
[2026-08-14 09:03:28][INFO]: 913 INFO: Running Analysis Analysis-00.toc
[2026-08-14 09:03:28][INFO]: 913 INFO: Target bytecode optimization level: 0
[2026-08-14 09:03:28][INFO]: 914 INFO: Initializing module dependency graph...
[2026-08-14 09:03:28][INFO]: 917 INFO: Initializing module graph hook caches...
[2026-08-14 09:03:28][INFO]: 941 INFO: Analyzing modules for base_library.zip ...
[2026-08-14 09:03:30][INFO]: 3081 INFO: Processing standard module hook 'hook-encodings.py' from 'C:\\Users\\Administrator\\PycharmProjects\\PackPython\\.venv\\Lib\\site-packages\\PyInstaller\\hooks'
[2026-08-14 09:03:31][INFO]: 3791 INFO: Processing standard module hook 'hook-math.py' from 'C:\\Users\\Administrator\\PycharmProjects\\PackPython\\.venv\\Lib\\site-packages\\PyInstaller\\hooks'
[2026-08-14 09:03:31][INFO]: 4067 INFO: Processing standard module hook 'hook-heapq.py' from 'C:\\Users\\Administrator\\PycharmProjects\\PackPython\\.venv\\Lib\\site-packages\\PyInstaller\\hooks'
[2026-08-14 09:03:32][INFO]: 5413 INFO: Processing standard module hook 'hook-pickle.py' from 'C:\\Users\\Administrator\\PycharmProjects\\PackPython\\.venv\\Lib\\site-packages\\PyInstaller\\hooks'
[2026-08-14 09:03:34][INFO]: 7307 INFO: Caching module dependency graph...
[2026-08-14 09:03:34][INFO]: 7352 INFO: Analyzing C:\Users\Administrator\PycharmProjects\PackPython\main.py
[2026-08-14 09:03:34][INFO]: 7434 INFO: Processing standard module hook 'hook-_ctypes.py' from 'C:\\Users\\Administrator\\PycharmProjects\\PackPython\\.venv\\Lib\\site-packages\\PyInstaller\\hooks'
[2026-08-14 09:03:34][INFO]: 7442 INFO: Processing standard module hook 'hook-PyQt5.py' from 'C:\\Users\\Administrator\\PycharmProjects\\PackPython\\.venv\\Lib\\site-packages\\PyInstaller\\hooks'
[2026-08-14 09:03:35][INFO]: 8387 INFO: Processing standard module hook 'hook-PyQt5.QtCore.py' from 'C:\\Users\\Administrator\\PycharmProjects\\PackPython\\.venv\\Lib\\site-packages\\PyInstaller\\hooks'
[2026-08-14 09:03:39][INFO]: 11672 INFO: Processing standard module hook 'hook-PyQt5.QtWidgets.py' from 'C:\\Users\\Administrator\\PycharmProjects\\PackPython\\.venv\\Lib\\site-packages\\PyInstaller\\hooks'
[2026-08-14 09:03:44][INFO]: 17134 INFO: Processing standard module hook 'hook-PyQt5.QtGui.py' from 'C:\\Users\\Administrator\\PycharmProjects\\PackPython\\.venv\\Lib\\site-packages\\PyInstaller\\hooks'
[2026-08-14 09:04:19][INFO]: 52003 INFO: Processing module hooks (post-graph stage)...
[2026-08-14 09:04:19][INFO]: 52008 WARNING: Hidden import "sip" not found!
[2026-08-14 09:04:19][INFO]: 52063 INFO: Performing binary vs. data reclassification (98 entries)
[2026-08-14 09:04:19][INFO]: 52154 INFO: Looking for ctypes DLLs
[2026-08-14 09:04:19][INFO]: 52177 INFO: Analyzing run-time hooks ...
[2026-08-14 09:04:19][INFO]: 52179 INFO: Including run-time hook 'pyi_rth_inspect.py' from 'C:\\Users\\Administrator\\PycharmProjects\\PackPython\\.venv\\Lib\\site-packages\\PyInstaller\\hooks\\rthooks'
[2026-08-14 09:04:19][INFO]: 52182 INFO: Including run-time hook 'pyi_rth_pyqt5.py' from 'C:\\Users\\Administrator\\PycharmProjects\\PackPython\\.venv\\Lib\\site-packages\\PyInstaller\\hooks\\rthooks'
[2026-08-14 09:04:19][INFO]: 52185 INFO: Processing pre-find-module-path hook 'hook-_pyi_rth_utils.py' from 'C:\\Users\\Administrator\\PycharmProjects\\PackPython\\.venv\\Lib\\site-packages\\PyInstaller\\hooks\\pre_find_module_path'
[2026-08-14 09:04:19][INFO]: 52190 INFO: Processing standard module hook 'hook-_pyi_rth_utils.py' from 'C:\\Users\\Administrator\\PycharmProjects\\PackPython\\.venv\\Lib\\site-packages\\PyInstaller\\hooks'
[2026-08-14 09:04:19][INFO]: 52196 INFO: Including run-time hook 'pyi_rth_pkgutil.py' from 'C:\\Users\\Administrator\\PycharmProjects\\PackPython\\.venv\\Lib\\site-packages\\PyInstaller\\hooks\\rthooks'
[2026-08-14 09:04:19][INFO]: 52208 INFO: Creating base_library.zip...
[2026-08-14 09:04:19][INFO]: 52235 INFO: Looking for dynamic libraries
[2026-08-14 09:04:19][INFO]: 52450 INFO: Extra DLL search directories (AddDllDirectory): ['C:\\Users\\Administrator\\PycharmProjects\\PackPython\\.venv\\Lib\\site-packages\\PyQt5\\Qt5\\bin']
[2026-08-14 09:04:19][INFO]: 52450 INFO: Extra DLL search directories (PATH): []
[2026-08-14 09:04:21][INFO]: 54351 INFO: Warnings written to D:\output\build\PackPython\warn-PackPython.txt
[2026-08-14 09:04:21][INFO]: 54370 INFO: Graph cross-reference written to D:\output\build\PackPython\xref-PackPython.html
[2026-08-14 09:04:21][INFO]: 54396 INFO: checking PYZ
[2026-08-14 09:04:21][INFO]: 54396 INFO: Building PYZ because PYZ-00.toc is non existent
[2026-08-14 09:04:21][INFO]: 54396 INFO: Building PYZ (ZlibArchive) D:\output\build\PackPython\PYZ-00.pyz
[2026-08-14 09:04:22][INFO]: 54570 INFO: Building PYZ (ZlibArchive) D:\output\build\PackPython\PYZ-00.pyz completed successfully.
[2026-08-14 09:04:22][INFO]: 54580 INFO: checking PKG
[2026-08-14 09:04:22][INFO]: 54580 INFO: Building PKG because PKG-00.toc is non existent
[2026-08-14 09:04:22][INFO]: 54580 INFO: Building PKG (CArchive) PackPython.pkg
[2026-08-14 09:04:35][INFO]: 67860 INFO: Building PKG (CArchive) PackPython.pkg completed successfully.
[2026-08-14 09:04:35][INFO]: 67865 INFO: Bootloader C:\Users\Administrator\PycharmProjects\PackPython\.venv\Lib\site-packages\PyInstaller\bootloader\Windows-64bit-intel\runw.exe
[2026-08-14 09:04:35][INFO]: 67865 INFO: checking EXE
[2026-08-14 09:04:35][INFO]: 67865 INFO: Building EXE because EXE-00.toc is non existent
[2026-08-14 09:04:35][INFO]: 67865 INFO: Building EXE from EXE-00.toc
[2026-08-14 09:04:35][INFO]: 67866 INFO: Copying bootloader EXE to D:\output\PackPython.exe
[2026-08-14 09:04:35][INFO]: 67879 INFO: Copying icon to EXE
[2026-08-14 09:04:35][INFO]: 67885 INFO: Copying 0 resources to EXE
[2026-08-14 09:04:35][INFO]: 67885 INFO: Embedding manifest in EXE
[2026-08-14 09:04:35][INFO]: 67889 INFO: Appending PKG archive to EXE
[2026-08-14 09:04:35][INFO]: 67922 INFO: Fixing EXE headers
[2026-08-14 09:04:35][INFO]: 68221 INFO: Building EXE from EXE-00.toc completed successfully.
[2026-08-14 09:04:35][INFO]: 68225 INFO: Build complete! The results are available in: D:\output
[2026-08-14 09:04:35][SUCCESS]: 打包已成功完成，输出目录已生成
[2026-08-14 09:04:35][INFO]: 已复制资源：C:\Users\Administrator\PycharmProjects\PackPython\assets\package.ico -> D:\output\dist\PackPython\assets
[2026-08-14 09:56:44][INFO]: 已启动后台打包线程
[2026-08-14 09:56:44][INFO]: 已生成打包命令: C:\Users\Administrator\PycharmProjects\PackPython\.venv\Scripts\python.exe -m PyInstaller --noconfirm --distpath D:\output --workpath D:\output\build --specpath D:\output\spec --windowed --onefile --name PackPython --icon C:\Users\Administrator\PycharmProjects\PackPython\assets\package.ico --add-data C:\Users\Administrator\PycharmProjects\PackPython\assets\package.ico;assets C:\Users\Administrator\PycharmProjects\PackPython\main.py
[2026-08-14 09:56:44][INFO]: 开始在项目目录 C:\Users\Administrator\PycharmProjects\PackPython 中执行打包
[2026-08-14 09:56:45][INFO]: 294 INFO: PyInstaller: 6.22.0, contrib hooks: 2026.6
[2026-08-14 09:56:45][INFO]: 295 INFO: Python: 3.13.0
[2026-08-14 09:56:45][INFO]: 354 INFO: Platform: Windows-10-10.0.19045-SP0
[2026-08-14 09:56:45][INFO]: 354 INFO: Python environment: C:\Users\Administrator\PycharmProjects\PackPython\.venv
[2026-08-14 09:56:45][INFO]: 355 INFO: wrote D:\output\spec\PackPython.spec
[2026-08-14 09:56:45][INFO]: 367 INFO: Module search paths (PYTHONPATH):
[2026-08-14 09:56:45][INFO]: ['C:\\Users\\Administrator\\PycharmProjects\\PackPython',
[2026-08-14 09:56:45][INFO]:  'C:\\Users\\Administrator\\AppData\\Local\\Programs\\Python\\Python313\\python313.zip',
[2026-08-14 09:56:45][INFO]:  'C:\\Users\\Administrator\\AppData\\Local\\Programs\\Python\\Python313\\DLLs',
[2026-08-14 09:56:45][INFO]:  'C:\\Users\\Administrator\\AppData\\Local\\Programs\\Python\\Python313\\Lib',
[2026-08-14 09:56:45][INFO]:  'C:\\Users\\Administrator\\AppData\\Local\\Programs\\Python\\Python313',
[2026-08-14 09:56:45][INFO]:  'C:\\Users\\Administrator\\PycharmProjects\\PackPython\\.venv',
[2026-08-14 09:56:45][INFO]:  'C:\\Users\\Administrator\\PycharmProjects\\PackPython\\.venv\\Lib\\site-packages',
[2026-08-14 09:56:45][INFO]:  'C:\\Users\\Administrator\\PycharmProjects\\PackPython']
[2026-08-14 09:56:45][INFO]: 929 INFO: Appending 'datas' from .spec
[2026-08-14 09:56:45][INFO]: 930 INFO: checking Analysis
[2026-08-14 09:56:45][INFO]: 1016 INFO: checking PYZ
[2026-08-14 09:56:46][INFO]: 1041 INFO: checking PKG
[2026-08-14 09:56:46][INFO]: 1070 INFO: Bootloader C:\Users\Administrator\PycharmProjects\PackPython\.venv\Lib\site-packages\PyInstaller\bootloader\Windows-64bit-intel\runw.exe
[2026-08-14 09:56:46][INFO]: 1070 INFO: checking EXE
[2026-08-14 09:56:46][INFO]: 1074 INFO: Build complete! The results are available in: D:\output
[2026-08-14 09:56:46][SUCCESS]: 打包已成功完成，输出目录已生成
[2026-08-14 09:56:46][INFO]: 已复制资源：C:\Users\Administrator\PycharmProjects\PackPython\assets\package.ico -> D:\output\dist\PackPython\assets
[2026-08-14 09:56:54][INFO]: 已启动后台打包线程
[2026-08-14 09:56:54][INFO]: 已生成打包命令: C:\Users\Administrator\PycharmProjects\PackPython\.venv\Scripts\python.exe -m PyInstaller --noconfirm --distpath D:\output --workpath D:\output\build --specpath D:\output\spec --windowed --onefile --name PackPython --icon C:\Users\Administrator\PycharmProjects\PackPython\assets\package.ico --add-data C:\Users\Administrator\PycharmProjects\PackPython\assets\package.ico;assets C:\Users\Administrator\PycharmProjects\PackPython\main.py
[2026-08-14 09:56:54][INFO]: 开始在项目目录 C:\Users\Administrator\PycharmProjects\PackPython 中执行打包
[2026-08-14 09:56:55][INFO]: 281 INFO: PyInstaller: 6.22.0, contrib hooks: 2026.6
[2026-08-14 09:56:55][INFO]: 282 INFO: Python: 3.13.0
[2026-08-14 09:56:55][INFO]: 339 INFO: Platform: Windows-10-10.0.19045-SP0
[2026-08-14 09:56:55][INFO]: 339 INFO: Python environment: C:\Users\Administrator\PycharmProjects\PackPython\.venv
[2026-08-14 09:56:55][INFO]: 341 INFO: wrote D:\output\spec\PackPython.spec
[2026-08-14 09:56:55][INFO]: 351 INFO: Module search paths (PYTHONPATH):
[2026-08-14 09:56:55][INFO]: ['C:\\Users\\Administrator\\PycharmProjects\\PackPython',
[2026-08-14 09:56:55][INFO]:  'C:\\Users\\Administrator\\AppData\\Local\\Programs\\Python\\Python313\\python313.zip',
[2026-08-14 09:56:55][INFO]:  'C:\\Users\\Administrator\\AppData\\Local\\Programs\\Python\\Python313\\DLLs',
[2026-08-14 09:56:55][INFO]:  'C:\\Users\\Administrator\\AppData\\Local\\Programs\\Python\\Python313\\Lib',
[2026-08-14 09:56:55][INFO]:  'C:\\Users\\Administrator\\AppData\\Local\\Programs\\Python\\Python313',
[2026-08-14 09:56:55][INFO]:  'C:\\Users\\Administrator\\PycharmProjects\\PackPython\\.venv',
[2026-08-14 09:56:55][INFO]:  'C:\\Users\\Administrator\\PycharmProjects\\PackPython\\.venv\\Lib\\site-packages',
[2026-08-14 09:56:55][INFO]:  'C:\\Users\\Administrator\\PycharmProjects\\PackPython']
[2026-08-14 09:56:55][INFO]: 912 INFO: Appending 'datas' from .spec
[2026-08-14 09:56:55][INFO]: 912 INFO: checking Analysis
[2026-08-14 09:56:55][INFO]: 991 INFO: checking PYZ
[2026-08-14 09:56:55][INFO]: 1017 INFO: checking PKG
[2026-08-14 09:56:55][INFO]: 1045 INFO: Bootloader C:\Users\Administrator\PycharmProjects\PackPython\.venv\Lib\site-packages\PyInstaller\bootloader\Windows-64bit-intel\runw.exe
[2026-08-14 09:56:55][INFO]: 1045 INFO: checking EXE
[2026-08-14 09:56:55][INFO]: 1050 INFO: Rebuilding EXE-00.toc because PackPython.exe missing
[2026-08-14 09:56:55][INFO]: 1050 INFO: Building EXE from EXE-00.toc
[2026-08-14 09:56:55][INFO]: 1050 INFO: Copying bootloader EXE to D:\output\PackPython.exe
[2026-08-14 09:56:55][INFO]: 1057 INFO: Copying icon to EXE
[2026-08-14 09:56:55][INFO]: 1064 INFO: Copying 0 resources to EXE
[2026-08-14 09:56:55][INFO]: 1065 INFO: Embedding manifest in EXE
[2026-08-14 09:56:55][INFO]: 1069 INFO: Appending PKG archive to EXE
[2026-08-14 09:56:55][INFO]: 1104 INFO: Fixing EXE headers
[2026-08-14 09:56:56][INFO]: 1413 INFO: Building EXE from EXE-00.toc completed successfully.
[2026-08-14 09:56:56][INFO]: 1419 INFO: Build complete! The results are available in: D:\output
[2026-08-14 09:56:56][SUCCESS]: 打包已成功完成，输出目录已生成
[2026-08-14 09:56:56][INFO]: 已复制资源：C:\Users\Administrator\PycharmProjects\PackPython\assets\package.ico -> D:\output\dist\PackPython\assets
[2026-08-14 09:57:18][INFO]: 已启动后台打包线程
[2026-08-14 09:57:18][INFO]: 已生成打包命令: C:\Users\Administrator\PycharmProjects\PackPython\.venv\Scripts\python.exe -m PyInstaller --noconfirm --distpath D:\output --workpath D:\output\build --specpath D:\output\spec --windowed --onefile --name PackPython --icon C:\Users\Administrator\PycharmProjects\PackPython\assets\package.ico --add-data C:\Users\Administrator\PycharmProjects\PackPython\assets\package.ico;assets C:\Users\Administrator\PycharmProjects\PackPython\main.py
[2026-08-14 09:57:18][INFO]: 开始在项目目录 C:\Users\Administrator\PycharmProjects\PackPython 中执行打包
[2026-08-14 09:57:18][INFO]: 289 INFO: PyInstaller: 6.22.0, contrib hooks: 2026.6
[2026-08-14 09:57:18][INFO]: 289 INFO: Python: 3.13.0
[2026-08-14 09:57:18][INFO]: 350 INFO: Platform: Windows-10-10.0.19045-SP0
[2026-08-14 09:57:18][INFO]: 350 INFO: Python environment: C:\Users\Administrator\PycharmProjects\PackPython\.venv
[2026-08-14 09:57:18][INFO]: 352 INFO: wrote D:\output\spec\PackPython.spec
[2026-08-14 09:57:18][INFO]: 362 INFO: Module search paths (PYTHONPATH):
[2026-08-14 09:57:18][INFO]: ['C:\\Users\\Administrator\\PycharmProjects\\PackPython',
[2026-08-14 09:57:18][INFO]:  'C:\\Users\\Administrator\\AppData\\Local\\Programs\\Python\\Python313\\python313.zip',
[2026-08-14 09:57:18][INFO]:  'C:\\Users\\Administrator\\AppData\\Local\\Programs\\Python\\Python313\\DLLs',
[2026-08-14 09:57:18][INFO]:  'C:\\Users\\Administrator\\AppData\\Local\\Programs\\Python\\Python313\\Lib',
[2026-08-14 09:57:18][INFO]:  'C:\\Users\\Administrator\\AppData\\Local\\Programs\\Python\\Python313',
[2026-08-14 09:57:18][INFO]:  'C:\\Users\\Administrator\\PycharmProjects\\PackPython\\.venv',
[2026-08-14 09:57:18][INFO]:  'C:\\Users\\Administrator\\PycharmProjects\\PackPython\\.venv\\Lib\\site-packages',
[2026-08-14 09:57:18][INFO]:  'C:\\Users\\Administrator\\PycharmProjects\\PackPython']
[2026-08-14 09:57:19][INFO]: 913 INFO: Appending 'datas' from .spec
[2026-08-14 09:57:19][INFO]: 913 INFO: checking Analysis
[2026-08-14 09:57:19][INFO]: 913 INFO: Building Analysis because Analysis-00.toc is non existent
[2026-08-14 09:57:19][INFO]: 913 INFO: Looking for Python shared library...
[2026-08-14 09:57:19][INFO]: 913 INFO: Using Python shared library: C:\Users\Administrator\AppData\Local\Programs\Python\Python313\python313.dll
[2026-08-14 09:57:19][INFO]: 913 INFO: Running Analysis Analysis-00.toc
[2026-08-14 09:57:19][INFO]: 913 INFO: Target bytecode optimization level: 0
[2026-08-14 09:57:19][INFO]: 913 INFO: Initializing module dependency graph...
[2026-08-14 09:57:19][INFO]: 916 INFO: Initializing module graph hook caches...
[2026-08-14 09:57:19][INFO]: 941 INFO: Analyzing modules for base_library.zip ...
[2026-08-14 09:57:21][INFO]: 2880 INFO: Processing standard module hook 'hook-heapq.py' from 'C:\\Users\\Administrator\\PycharmProjects\\PackPython\\.venv\\Lib\\site-packages\\PyInstaller\\hooks'
[2026-08-14 09:57:21][INFO]: 3054 INFO: Processing standard module hook 'hook-encodings.py' from 'C:\\Users\\Administrator\\PycharmProjects\\PackPython\\.venv\\Lib\\site-packages\\PyInstaller\\hooks'
[2026-08-14 09:57:22][INFO]: 4039 INFO: Processing standard module hook 'hook-math.py' from 'C:\\Users\\Administrator\\PycharmProjects\\PackPython\\.venv\\Lib\\site-packages\\PyInstaller\\hooks'
[2026-08-14 09:57:24][INFO]: 5819 INFO: Processing standard module hook 'hook-pickle.py' from 'C:\\Users\\Administrator\\PycharmProjects\\PackPython\\.venv\\Lib\\site-packages\\PyInstaller\\hooks'
[2026-08-14 09:57:26][INFO]: 7751 INFO: Caching module dependency graph...
[2026-08-14 09:57:26][INFO]: 7794 INFO: Analyzing C:\Users\Administrator\PycharmProjects\PackPython\main.py
[2026-08-14 09:57:26][INFO]: 7879 INFO: Processing standard module hook 'hook-_ctypes.py' from 'C:\\Users\\Administrator\\PycharmProjects\\PackPython\\.venv\\Lib\\site-packages\\PyInstaller\\hooks'
[2026-08-14 09:57:26][INFO]: 7888 INFO: Processing standard module hook 'hook-PyQt5.py' from 'C:\\Users\\Administrator\\PycharmProjects\\PackPython\\.venv\\Lib\\site-packages\\PyInstaller\\hooks'
[2026-08-14 09:57:27][INFO]: 8858 INFO: Processing standard module hook 'hook-PyQt5.QtCore.py' from 'C:\\Users\\Administrator\\PycharmProjects\\PackPython\\.venv\\Lib\\site-packages\\PyInstaller\\hooks'
[2026-08-14 09:57:30][INFO]: 12271 INFO: Processing standard module hook 'hook-PyQt5.QtWidgets.py' from 'C:\\Users\\Administrator\\PycharmProjects\\PackPython\\.venv\\Lib\\site-packages\\PyInstaller\\hooks'
[2026-08-14 09:57:36][INFO]: 18057 INFO: Processing standard module hook 'hook-PyQt5.QtGui.py' from 'C:\\Users\\Administrator\\PycharmProjects\\PackPython\\.venv\\Lib\\site-packages\\PyInstaller\\hooks'
[2026-08-14 09:58:10][INFO]: 52361 INFO: Processing module hooks (post-graph stage)...
[2026-08-14 09:58:10][INFO]: 52366 WARNING: Hidden import "sip" not found!
[2026-08-14 09:58:10][INFO]: 52418 INFO: Performing binary vs. data reclassification (98 entries)
[2026-08-14 09:58:10][INFO]: 52470 INFO: Looking for ctypes DLLs
[2026-08-14 09:58:10][INFO]: 52491 INFO: Analyzing run-time hooks ...
[2026-08-14 09:58:10][INFO]: 52492 INFO: Including run-time hook 'pyi_rth_inspect.py' from 'C:\\Users\\Administrator\\PycharmProjects\\PackPython\\.venv\\Lib\\site-packages\\PyInstaller\\hooks\\rthooks'
[2026-08-14 09:58:10][INFO]: 52498 INFO: Including run-time hook 'pyi_rth_pyqt5.py' from 'C:\\Users\\Administrator\\PycharmProjects\\PackPython\\.venv\\Lib\\site-packages\\PyInstaller\\hooks\\rthooks'
[2026-08-14 09:58:10][INFO]: 52501 INFO: Processing pre-find-module-path hook 'hook-_pyi_rth_utils.py' from 'C:\\Users\\Administrator\\PycharmProjects\\PackPython\\.venv\\Lib\\site-packages\\PyInstaller\\hooks\\pre_find_module_path'
[2026-08-14 09:58:10][INFO]: 52504 INFO: Processing standard module hook 'hook-_pyi_rth_utils.py' from 'C:\\Users\\Administrator\\PycharmProjects\\PackPython\\.venv\\Lib\\site-packages\\PyInstaller\\hooks'
[2026-08-14 09:58:10][INFO]: 52511 INFO: Including run-time hook 'pyi_rth_pkgutil.py' from 'C:\\Users\\Administrator\\PycharmProjects\\PackPython\\.venv\\Lib\\site-packages\\PyInstaller\\hooks\\rthooks'
[2026-08-14 09:58:10][INFO]: 52520 INFO: Creating base_library.zip...
[2026-08-14 09:58:10][INFO]: 52549 INFO: Looking for dynamic libraries
[2026-08-14 09:58:11][INFO]: 52797 INFO: Extra DLL search directories (AddDllDirectory): ['C:\\Users\\Administrator\\PycharmProjects\\PackPython\\.venv\\Lib\\site-packages\\PyQt5\\Qt5\\bin']
[2026-08-14 09:58:11][INFO]: 52797 INFO: Extra DLL search directories (PATH): []
[2026-08-14 09:58:13][INFO]: 54665 INFO: Warnings written to D:\output\build\PackPython\warn-PackPython.txt
[2026-08-14 09:58:13][INFO]: 54688 INFO: Graph cross-reference written to D:\output\build\PackPython\xref-PackPython.html
[2026-08-14 09:58:13][INFO]: 54714 INFO: checking PYZ
[2026-08-14 09:58:13][INFO]: 54714 INFO: Building PYZ because PYZ-00.toc is non existent
[2026-08-14 09:58:13][INFO]: 54714 INFO: Building PYZ (ZlibArchive) D:\output\build\PackPython\PYZ-00.pyz
[2026-08-14 09:58:13][INFO]: 54942 INFO: Building PYZ (ZlibArchive) D:\output\build\PackPython\PYZ-00.pyz completed successfully.
[2026-08-14 09:58:13][INFO]: 54953 INFO: checking PKG
[2026-08-14 09:58:13][INFO]: 54953 INFO: Building PKG because PKG-00.toc is non existent
[2026-08-14 09:58:13][INFO]: 54953 INFO: Building PKG (CArchive) PackPython.pkg
[2026-08-14 09:58:28][INFO]: 70238 INFO: Building PKG (CArchive) PackPython.pkg completed successfully.
[2026-08-14 09:58:28][INFO]: 70248 INFO: Bootloader C:\Users\Administrator\PycharmProjects\PackPython\.venv\Lib\site-packages\PyInstaller\bootloader\Windows-64bit-intel\runw.exe
[2026-08-14 09:58:28][INFO]: 70248 INFO: checking EXE
[2026-08-14 09:58:28][INFO]: 70248 INFO: Building EXE because EXE-00.toc is non existent
[2026-08-14 09:58:28][INFO]: 70248 INFO: Building EXE from EXE-00.toc
[2026-08-14 09:58:28][INFO]: 70248 INFO: Copying bootloader EXE to D:\output\PackPython.exe
[2026-08-14 09:58:28][INFO]: 70258 INFO: Copying icon to EXE
[2026-08-14 09:58:28][INFO]: 70263 INFO: Copying 0 resources to EXE
[2026-08-14 09:58:28][INFO]: 70263 INFO: Embedding manifest in EXE
[2026-08-14 09:58:28][INFO]: 70270 INFO: Appending PKG archive to EXE
[2026-08-14 09:58:28][INFO]: 70311 INFO: Fixing EXE headers
[2026-08-14 09:58:29][INFO]: 70655 INFO: Building EXE from EXE-00.toc completed successfully.
[2026-08-14 09:58:29][INFO]: 70660 INFO: Build complete! The results are available in: D:\output
[2026-08-14 09:58:29][SUCCESS]: 打包已成功完成，输出目录已生成
[2026-08-14 09:58:29][INFO]: 已复制资源：C:\Users\Administrator\PycharmProjects\PackPython\assets\package.ico -> D:\output\dist\PackPython\assets
[2026-08-14 10:03:43][INFO]: 资源目录与输出目录已准备就绪
[2026-08-14 10:03:43][INFO]: GUI 主窗口已创建
[2026-08-14 10:03:48][INFO]: 已扫描到 1 个 Python 文件
[2026-08-14 10:03:48][INFO]: 已读取 .package 配置文件: C:\Users\Administrator\PycharmProjects\PackPython\.package
[2026-08-14 10:03:48][INFO]: 已根据 .package 中的 path 设定项目目录: C:\Users\Administrator\PycharmProjects\PackPython
[2026-08-14 10:03:49][INFO]: 已扫描到 1 个 Python 文件
[2026-08-14 10:03:49][INFO]: 已从 .package 自动选择打包文件: ['C:\\Users\\Administrator\\PycharmProjects\\PackPython\\main.py']
[2026-08-14 10:03:49][INFO]: 已从 .package 自动添加资源: [('C:\\Users\\Administrator\\PycharmProjects\\PackPython\\assets\\package.ico', 'assets')]
[2026-08-14 10:03:49][INFO]: 已根据 .package 中的 ico_path 配置图标: C:\Users\Administrator\PycharmProjects\PackPython\assets\package.ico
[2026-08-14 10:03:49][INFO]: 已根据 .package 中的 setting 参数更新打包设置: 1,0,1,0
[2026-08-14 10:03:49][INFO]: 已选择项目目录: C:\Users\Administrator\PycharmProjects\PackPython
